tract_name,county_name,ce_name_2022,tract_fipscode_2020,tract_fipscode_2022,county_fipscode_2020,county_fipscode_2022
3504.0,b'New Haven',b'Naugatuck Valley Planning Region',b'09009350400',b'09140350400',b'09009',b'09140'
3505.0,b'New Haven',b'Naugatuck Valley Planning Region',b'09009350500',b'09140350500',b'09009',b'09140'
3527.01,b'New Haven',b'Naugatuck Valley Planning Region',b'09009352701',b'09140352701',b'09009',b'09140'
3527.02,b'New Haven',b'Naugatuck Valley Planning Region',b'09009352702',b'09140352702',b'09009',b'09140'
3528.0,b'New Haven',b'Naugatuck Valley Planning Region',b'09009352800',b'09140352800',b'09009',b'09140'
1660.02,b'New Haven',b'South Central Connecticut Planning Region',b'09009166002',b'09170166002',b'09009',b'09170'
1942.02,b'New Haven',b'South Central Connecticut Planning Region',b'09009194202',b'09170194202',b'09009',b'09170'
3461.02,b'New Haven',b'Naugatuck Valley Planning Region',b'09009346102',b'09140346102',b'09009',b'09140'
3511.0,b'New Haven',b'Naugatuck Valley Planning Region',b'09009351100',b'09140351100',b'09009',b'09140'
3613.0,b'New Haven',b'Naugatuck Valley Planning Region',b'09009361300',b'09140361300',b'09009',b'09140'
1903.03,b'New Haven',b'South Central Connecticut Planning Region',b'09009190303',b'09170190303',b'09009',b'09170'
3411.0,b'New Haven',b'Naugatuck Valley Planning Region',b'09009341100',b'09140341100',b'09009',b'09140'
3432.0,b'New Haven',b'Naugatuck Valley Planning Region',b'09009343200',b'09140343200',b'09009',b'09140'
3508.0,b'New Haven',b'Naugatuck Valley Planning Region',b'09009350800',b'09140350800',b'09009',b'09140'
3518.0,b'New Haven',b'Naugatuck Valley Planning Region',b'09009351800',b'09140351800',b'09009',b'09140'
3510.0,b'New Haven',b'Naugatuck Valley Planning Region',b'09009351000',b'09140351000',b'09009',b'09140'
3512.0,b'New Haven',b'Naugatuck Valley Planning Region',b'09009351200',b'09140351200',b'09009',b'09140'
3513.0,b'New Haven',b'Naugatuck Valley Planning Region',b'09009351300',b'09140351300',b'09009',b'09140'
3514.0,b'New Haven',b'Naugatuck Valley Planning Region',b'09009351400',b'09140351400',b'09009',b'09140'
3509.0,b'New Haven',b'Naugatuck Valley Planning Region',b'09009350900',b'09140350900',b'09009',b'09140'
3451.0,b'New Haven',b'Naugatuck Valley Planning Region',b'09009345100',b'09140345100',b'09009',b'09140'
3452.02,b'New Haven',b'Naugatuck Valley Planning Region',b'09009345202',b'09140345202',b'09009',b'09140'
3471.0,b'New Haven',b'Naugatuck Valley Planning Region',b'09009347100',b'09140347100',b'09009',b'09140'
3472.0,b'New Haven',b'Naugatuck Valley Planning Region',b'09009347200',b'09140347200',b'09009',b'09140'
3522.0,b'New Haven',b'Naugatuck Valley Planning Region',b'09009352200',b'09140352200',b'09009',b'09140'
3525.0,b'New Haven',b'Naugatuck Valley Planning Region',b'09009352500',b'09140352500',b'09009',b'09140'
3526.0,b'New Haven',b'Naugatuck Valley Planning Region',b'09009352600',b'09140352600',b'09009',b'09140'
3521.0,b'New Haven',b'Naugatuck Valley Planning Region',b'09009352100',b'09140352100',b'09009',b'09140'
9072.0,b'Windham',b'Northeastern Connecticut Planning Region',b'09015907200',b'09150907200',b'09015',b'09150'
4602.04,b'Hartford',b'Capitol Planning Region',b'09003460204',b'09110460204',b'09003',b'09110'
4101.01,b'Hartford',b'Northwest Hills Planning Region',b'09003410101',b'09160410101',b'09003',b'09160'
4101.02,b'Hartford',b'Northwest Hills Planning Region',b'09003410102',b'09160410102',b'09003',b'09160'
5245.01,b'Hartford',b'Capitol Planning Region',b'09003524501',b'09110524501',b'09003',b'09110'
3202.0,b'Litchfiel',b'Northwest Hills Planning Region',b'09005320200',b'09160320200',b'09005',b'09160'
2661.0,b'Litchfiel',b'Northwest Hills Planning Region',b'09005266100',b'09160266100',b'09005',b'09160'
2984.0,b'Litchfiel',b'Northwest Hills Planning Region',b'09005298400',b'09160298400',b'09005',b'09160'
3421.0,b'Litchfiel',b'Naugatuck Valley Planning Region',b'09005342100',b'09140342100',b'09005',b'09140'
3106.02,b'Litchfiel',b'Northwest Hills Planning Region',b'09005310602',b'09160310602',b'09005',b'09160'
2501.0,b'Litchfiel',b'Western Connecticut Planning Region',b'09005250100',b'09190250100',b'09005',b'09190'
2651.0,b'Litchfiel',b'Northwest Hills Planning Region',b'09005265100',b'09160265100',b'09005',b'09160'
2531.0,b'Litchfiel',b'Western Connecticut Planning Region',b'09005253100',b'09190253100',b'09005',b'09190'
3454.0,b'New Haven',b'Naugatuck Valley Planning Region',b'09009345400',b'09140345400',b'09009',b'09140'
3461.01,b'New Haven',b'Naugatuck Valley Planning Region',b'09009346101',b'09140346101',b'09009',b'09140'
3524.0,b'New Haven',b'Naugatuck Valley Planning Region',b'09009352400',b'09140352400',b'09009',b'09140'
1862.0,b'New Haven',b'South Central Connecticut Planning Region',b'09009186200',b'09170186200',b'09009',b'09170'
1705.0,b'New Haven',b'South Central Connecticut Planning Region',b'09009170500',b'09170170500',b'09009',b'09170'
3612.0,b'New Haven',b'Naugatuck Valley Planning Region',b'09009361200',b'09140361200',b'09009',b'09140'
3516.02,b'New Haven',b'Naugatuck Valley Planning Region',b'09009351602',b'09140351602',b'09009',b'09140'
3520.0,b'New Haven',b'Naugatuck Valley Planning Region',b'09009352000',b'09140352000',b'09009',b'09140'
1672.01,b'New Haven',b'South Central Connecticut Planning Region',b'09009167201',b'09170167201',b'09009',b'09170'
1861.0,b'New Haven',b'South Central Connecticut Planning Region',b'09009186100',b'09170186100',b'09009',b'09170'
1709.0,b'New Haven',b'South Central Connecticut Planning Region',b'09009170900',b'09170170900',b'09009',b'09170'
1420.0,b'New Haven',b'South Central Connecticut Planning Region',b'09009142000',b'09170142000',b'09009',b'09170'
3433.0,b'New Haven',b'Naugatuck Valley Planning Region',b'09009343300',b'09140343300',b'09009',b'09140'
1843.0,b'New Haven',b'South Central Connecticut Planning Region',b'09009184300',b'09170184300',b'09009',b'09170'
1512.0,b'New Haven',b'South Central Connecticut Planning Region',b'09009151200',b'09170151200',b'09009',b'09170'
1760.0,b'New Haven',b'South Central Connecticut Planning Region',b'09009176000',b'09170176000',b'09009',b'09170'
1672.02,b'New Haven',b'South Central Connecticut Planning Region',b'09009167202',b'09170167202',b'09009',b'09170'
1550.0,b'New Haven',b'South Central Connecticut Planning Region',b'09009155000',b'09170155000',b'09009',b'09170'
3519.0,b'New Haven',b'Naugatuck Valley Planning Region',b'09009351900',b'09140351900',b'09009',b'09140'
1252.0,b'New Haven',b'Naugatuck Valley Planning Region',b'09009125200',b'09140125200',b'09009',b'09140'
1842.0,b'New Haven',b'South Central Connecticut Planning Region',b'09009184200',b'09170184200',b'09009',b'09170'
1901.0,b'New Haven',b'South Central Connecticut Planning Region',b'09009190100',b'09170190100',b'09009',b'09170'
3108.03,b'Litchfiel',b'Northwest Hills Planning Region',b'09005310803',b'09160310803',b'09005',b'09160'
3108.04,b'Litchfiel',b'Northwest Hills Planning Region',b'09005310804',b'09160310804',b'09005',b'09160'
1409.0,b'New Haven',b'South Central Connecticut Planning Region',b'09009140900',b'09170140900',b'09009',b'09170'
1902.0,b'New Haven',b'South Central Connecticut Planning Region',b'09009190200',b'09170190200',b'09009',b'09170'
1758.0,b'New Haven',b'South Central Connecticut Planning Region',b'09009175800',b'09170175800',b'09009',b'09170'
3441.0,b'New Haven',b'Naugatuck Valley Planning Region',b'09009344100',b'09140344100',b'09009',b'09140'
3431.01,b'New Haven',b'Naugatuck Valley Planning Region',b'09009343101',b'09140343101',b'09009',b'09140'
1601.0,b'New Haven',b'South Central Connecticut Planning Region',b'09009160100',b'09170160100',b'09009',b'09170'
3517.0,b'New Haven',b'Naugatuck Valley Planning Region',b'09009351700',b'09140351700',b'09009',b'09140'
1511.0,b'New Haven',b'South Central Connecticut Planning Region',b'09009151100',b'09170151100',b'09009',b'09170'
3481.11,b'New Haven',b'Naugatuck Valley Planning Region',b'09009348111',b'09140348111',b'09009',b'09140'
3434.0,b'New Haven',b'Naugatuck Valley Planning Region',b'09009343400',b'09140343400',b'09009',b'09140'
1509.0,b'New Haven',b'South Central Connecticut Planning Region',b'09009150900',b'09170150900',b'09009',b'09170'
1701.0,b'New Haven',b'South Central Connecticut Planning Region',b'09009170100',b'09170170100',b'09009',b'09170'
1574.0,b'New Haven',b'South Central Connecticut Planning Region',b'09009157400',b'09170157400',b'09009',b'09170'
1571.0,b'New Haven',b'South Central Connecticut Planning Region',b'09009157100',b'09170157100',b'09009',b'09170'
3611.0,b'New Haven',b'Naugatuck Valley Planning Region',b'09009361100',b'09140361100',b'09009',b'09140'
3452.01,b'New Haven',b'Naugatuck Valley Planning Region',b'09009345201',b'09140345201',b'09009',b'09140'
1428.0,b'New Haven',b'South Central Connecticut Planning Region',b'09009142800',b'09170142800',b'09009',b'09170'
1903.02,b'New Haven',b'South Central Connecticut Planning Region',b'09009190302',b'09170190302',b'09009',b'09170'
2621.0,b'Litchfiel',b'Northwest Hills Planning Region',b'09005262100',b'09160262100',b'09005',b'09160'
3103.0,b'Litchfiel',b'Northwest Hills Planning Region',b'09005310300',b'09160310300',b'09005',b'09160'
3108.01,b'Litchfiel',b'Northwest Hills Planning Region',b'09005310801',b'09160310801',b'09005',b'09160'
3602.0,b'Litchfiel',b'Naugatuck Valley Planning Region',b'09005360200',b'09140360200',b'09005',b'09140'
4254.0,b'Litchfiel',b'Naugatuck Valley Planning Region',b'09005425400',b'09140425400',b'09005',b'09140'
4255.0,b'Litchfiel',b'Naugatuck Valley Planning Region',b'09005425500',b'09140425500',b'09005',b'09140'
2602.0,b'Litchfiel',b'Northwest Hills Planning Region',b'09005260200',b'09160260200',b'09005',b'09160'
2671.0,b'Litchfiel',b'Northwest Hills Planning Region',b'09005267100',b'09160267100',b'09005',b'09160'
2983.0,b'Litchfiel',b'Northwest Hills Planning Region',b'09005298300',b'09160298300',b'09005',b'09160'
3107.0,b'Litchfiel',b'Northwest Hills Planning Region',b'09005310700',b'09160310700',b'09005',b'09160'
3603.0,b'Litchfiel',b'Naugatuck Valley Planning Region',b'09005360300',b'09140360300',b'09005',b'09140'
1711.0,b'New Haven',b'South Central Connecticut Planning Region',b'09009171100',b'09170171100',b'09009',b'09170'
1754.0,b'New Haven',b'South Central Connecticut Planning Region',b'09009175400',b'09170175400',b'09009',b'09170'
1903.01,b'New Haven',b'South Central Connecticut Planning Region',b'09009190301',b'09170190301',b'09009',b'09170'
1942.01,b'New Haven',b'South Central Connecticut Planning Region',b'09009194201',b'09170194201',b'09009',b'09170'
3431.02,b'New Haven',b'Naugatuck Valley Planning Region',b'09009343102',b'09140343102',b'09009',b'09140'
3442.0,b'New Haven',b'Naugatuck Valley Planning Region',b'09009344200',b'09140344200',b'09009',b'09140'
3523.0,b'New Haven',b'Naugatuck Valley Planning Region',b'09009352300',b'09140352300',b'09009',b'09140'
1547.0,b'New Haven',b'South Central Connecticut Planning Region',b'09009154700',b'09170154700',b'09009',b'09170'
1602.0,b'New Haven',b'South Central Connecticut Planning Region',b'09009160200',b'09170160200',b'09009',b'09170'
3453.0,b'New Haven',b'Naugatuck Valley Planning Region',b'09009345300',b'09140345300',b'09009',b'09140'
1412.0,b'New Haven',b'South Central Connecticut Planning Region',b'09009141200',b'09170141200',b'09009',b'09170'
4256.01,b'Litchfiel',b'Northwest Hills Planning Region',b'09005425601',b'09160425601',b'09005',b'09160'
3201.01,b'Litchfiel',b'Northwest Hills Planning Region',b'09005320101',b'09160320101',b'09005',b'09160'
3201.02,b'Litchfiel',b'Northwest Hills Planning Region',b'09005320102',b'09160320102',b'09005',b'09160'
4257.0,b'Litchfiel',b'Western Connecticut Planning Region',b'09005425700',b'09190425700',b'09005',b'09190'
4256.02,b'Litchfiel',b'Northwest Hills Planning Region',b'09005425602',b'09160425602',b'09005',b'09160'
3604.0,b'Litchfiel',b'Naugatuck Valley Planning Region',b'09005360400',b'09140360400',b'09005',b'09140'
438.0,b'Fairfield',b'Western Connecticut Planning Region',b'09001043800',b'09190043800',b'09001',b'09190'
611.0,b'Fairfield',b'Greater Bridgeport Planning Region',b'09001061100',b'09120061100',b'09001',b'09120'
1706.0,b'New Haven',b'South Central Connecticut Planning Region',b'09009170600',b'09170170600',b'09009',b'09170'
1707.0,b'New Haven',b'South Central Connecticut Planning Region',b'09009170700',b'09170170700',b'09009',b'09170'
1708.0,b'New Haven',b'South Central Connecticut Planning Region',b'09009170800',b'09170170800',b'09009',b'09170'
1710.0,b'New Haven',b'South Central Connecticut Planning Region',b'09009171000',b'09170171000',b'09009',b'09170'
613.0,b'Fairfield',b'Greater Bridgeport Planning Region',b'09001061300',b'09120061300',b'09001',b'09120'
1656.0,b'New Haven',b'South Central Connecticut Planning Region',b'09009165600',b'09170165600',b'09009',b'09170'
1657.0,b'New Haven',b'South Central Connecticut Planning Region',b'09009165700',b'09170165700',b'09009',b'09170'
1658.01,b'New Haven',b'South Central Connecticut Planning Region',b'09009165801',b'09170165801',b'09009',b'09170'
1658.02,b'New Haven',b'South Central Connecticut Planning Region',b'09009165802',b'09170165802',b'09009',b'09170'
1655.0,b'New Haven',b'South Central Connecticut Planning Region',b'09009165500',b'09170165500',b'09009',b'09170'
5144.0,b'Hartford',b'Capitol Planning Region',b'09003514400',b'09110514400',b'09003',b'09110'
9022.0,b'Windham',b'Northeastern Connecticut Planning Region',b'09015902200',b'09150902200',b'09015',b'09150'
5411.0,b'Middlesex',b'Lower Connecticut River Valley Planning R',b'09007541100',b'09130541100',b'09007',b'09130'
5415.0,b'Middlesex',b'Lower Connecticut River Valley Planning R',b'09007541500',b'09130541500',b'09007',b'09130'
8003.0,b'Windham',b'Southeastern Connecticut Planning Region',b'09015800300',b'09180800300',b'09015',b'09180'
9025.0,b'Windham',b'Northeastern Connecticut Planning Region',b'09015902500',b'09150902500',b'09015',b'09150'
9045.0,b'Windham',b'Northeastern Connecticut Planning Region',b'09015904500',b'09150904500',b'09015',b'09150'
8004.0,b'Windham',b'Southeastern Connecticut Planning Region',b'09015800400',b'09180800400',b'09015',b'09180'
8006.0,b'Windham',b'Southeastern Connecticut Planning Region',b'09015800600',b'09180800600',b'09015',b'09180'
9071.0,b'Windham',b'Northeastern Connecticut Planning Region',b'09015907100',b'09150907100',b'09015',b'09150'
9001.0,b'Windham',b'Northeastern Connecticut Planning Region',b'09015900100',b'09150900100',b'09015',b'09150'
8301.0,b'Windham',b'Northeastern Connecticut Planning Region',b'09015830100',b'09150830100',b'09015',b'09150'
2305.02,b'Fairfield',b'Western Connecticut Planning Region',b'09001230502',b'09190230502',b'09001',b'09190'
2305.01,b'Fairfield',b'Western Connecticut Planning Region',b'09001230501',b'09190230501',b'09001',b'09190'
5145.0,b'Hartford',b'Capitol Planning Region',b'09003514500',b'09110514500',b'09003',b'09110'
5146.0,b'Hartford',b'Capitol Planning Region',b'09003514600',b'09110514600',b'09003',b'09110'
5147.0,b'Hartford',b'Capitol Planning Region',b'09003514700',b'09110514700',b'09003',b'09110'
5148.0,b'Hartford',b'Capitol Planning Region',b'09003514800',b'09110514800',b'09003',b'09110'
5149.0,b'Hartford',b'Capitol Planning Region',b'09003514900',b'09110514900',b'09003',b'09110'
5150.0,b'Hartford',b'Capitol Planning Region',b'09003515000',b'09110515000',b'09003',b'09110'
5152.0,b'Hartford',b'Capitol Planning Region',b'09003515200',b'09110515200',b'09003',b'09110'
5005.0,b'Hartford',b'Capitol Planning Region',b'09003500500',b'09110500500',b'09003',b'09110'
5202.01,b'Hartford',b'Capitol Planning Region',b'09003520201',b'09110520201',b'09003',b'09110'
5331.03,b'Tolland',b'Capitol Planning Region',b'09013533103',b'09110533103',b'09013',b'09110'
5331.04,b'Tolland',b'Capitol Planning Region',b'09013533104',b'09110533104',b'09013',b'09110'
5351.02,b'Tolland',b'Capitol Planning Region',b'09013535102',b'09110535102',b'09013',b'09110'
5351.01,b'Tolland',b'Capitol Planning Region',b'09013535101',b'09110535101',b'09013',b'09110'
1841.01,b'New Haven',b'South Central Connecticut Planning Region',b'09009184101',b'09170184101',b'09009',b'09170'
1671.01,b'New Haven',b'South Central Connecticut Planning Region',b'09009167101',b'09170167101',b'09009',b'09170'
1801.01,b'New Haven',b'South Central Connecticut Planning Region',b'09009180101',b'09170180101',b'09009',b'09170'
3501.01,b'New Haven',b'Naugatuck Valley Planning Region',b'09009350101',b'09140350101',b'09009',b'09140'
1660.03,b'New Haven',b'South Central Connecticut Planning Region',b'09009166003',b'09170166003',b'09009',b'09170'
1426.05,b'New Haven',b'South Central Connecticut Planning Region',b'09009142605',b'09170142605',b'09009',b'09170'
1755.02,b'New Haven',b'South Central Connecticut Planning Region',b'09009175502',b'09170175502',b'09009',b'09170'
1801.02,b'New Haven',b'South Central Connecticut Planning Region',b'09009180102',b'09170180102',b'09009',b'09170'
1302.02,b'New Haven',b'Naugatuck Valley Planning Region',b'09009130202',b'09140130202',b'09009',b'09140'
1401.02,b'New Haven',b'South Central Connecticut Planning Region',b'09009140102',b'09170140102',b'09009',b'09170'
1413.01,b'New Haven',b'South Central Connecticut Planning Region',b'09009141301',b'09170141301',b'09009',b'09170'
1671.02,b'New Haven',b'South Central Connecticut Planning Region',b'09009167102',b'09170167102',b'09009',b'09170'
1660.04,b'New Haven',b'South Central Connecticut Planning Region',b'09009166004',b'09170166004',b'09009',b'09170'
1541.02,b'New Haven',b'South Central Connecticut Planning Region',b'09009154102',b'09170154102',b'09009',b'09170'
1712.02,b'New Haven',b'South Central Connecticut Planning Region',b'09009171202',b'09170171202',b'09009',b'09170'
1673.01,b'New Haven',b'South Central Connecticut Planning Region',b'09009167301',b'09170167301',b'09009',b'09170'
1755.01,b'New Haven',b'South Central Connecticut Planning Region',b'09009175501',b'09170175501',b'09009',b'09170'
1941.01,b'New Haven',b'South Central Connecticut Planning Region',b'09009194101',b'09170194101',b'09009',b'09170'
1541.01,b'New Haven',b'South Central Connecticut Planning Region',b'09009154101',b'09170154101',b'09009',b'09170'
1941.02,b'New Haven',b'South Central Connecticut Planning Region',b'09009194102',b'09170194102',b'09009',b'09170'
1712.01,b'New Haven',b'South Central Connecticut Planning Region',b'09009171201',b'09170171201',b'09009',b'09170'
1302.01,b'New Haven',b'Naugatuck Valley Planning Region',b'09009130201',b'09140130201',b'09009',b'09140'
1401.01,b'New Haven',b'South Central Connecticut Planning Region',b'09009140101',b'09170140101',b'09009',b'09170'
3516.01,b'New Haven',b'Naugatuck Valley Planning Region',b'09009351601',b'09140351601',b'09009',b'09140'
3515.0,b'New Haven',b'Naugatuck Valley Planning Region',b'09009351500',b'09140351500',b'09009',b'09140'
1503.0,b'New Haven',b'South Central Connecticut Planning Region',b'09009150300',b'09170150300',b'09009',b'09170'
1506.0,b'New Haven',b'South Central Connecticut Planning Region',b'09009150600',b'09170150600',b'09009',b'09170'
1652.0,b'New Haven',b'South Central Connecticut Planning Region',b'09009165200',b'09170165200',b'09009',b'09170'
1713.0,b'New Haven',b'South Central Connecticut Planning Region',b'09009171300',b'09170171300',b'09009',b'09170'
1714.0,b'New Haven',b'South Central Connecticut Planning Region',b'09009171400',b'09170171400',b'09009',b'09170'
1715.0,b'New Haven',b'South Central Connecticut Planning Region',b'09009171500',b'09170171500',b'09009',b'09170'
1716.0,b'New Haven',b'South Central Connecticut Planning Region',b'09009171600',b'09170171600',b'09009',b'09170'
6963.0,b'New Londo',b'Southeastern Connecticut Planning Region',b'09011696300',b'09180696300',b'09011',b'09180'
7021.0,b'New Londo',b'Southeastern Connecticut Planning Region',b'09011702100',b'09180702100',b'09011',b'09180'
1717.0,b'New Haven',b'South Central Connecticut Planning Region',b'09009171700',b'09170171700',b'09009',b'09170'
1751.0,b'New Haven',b'South Central Connecticut Planning Region',b'09009175100',b'09170175100',b'09009',b'09170'
1752.0,b'New Haven',b'South Central Connecticut Planning Region',b'09009175200',b'09170175200',b'09009',b'09170'
1753.0,b'New Haven',b'South Central Connecticut Planning Region',b'09009175300',b'09170175300',b'09009',b'09170'
7001.0,b'New Londo',b'Southeastern Connecticut Planning Region',b'09011700100',b'09180700100',b'09011',b'09180'
6601.01,b'New Londo',b'Lower Connecticut River Valley Planning R',b'09011660101',b'09130660101',b'09011',b'09130'
7091.0,b'New Londo',b'Southeastern Connecticut Planning Region',b'09011709100',b'09180709100',b'09011',b'09180'
7101.0,b'New Londo',b'Southeastern Connecticut Planning Region',b'09011710100',b'09180710100',b'09011',b'09180'
6961.0,b'New Londo',b'Southeastern Connecticut Planning Region',b'09011696100',b'09180696100',b'09011',b'09180'
6962.0,b'New Londo',b'Southeastern Connecticut Planning Region',b'09011696200',b'09180696200',b'09011',b'09180'
7081.0,b'New Londo',b'Northeastern Connecticut Planning Region',b'09011708100',b'09150708100',b'09011',b'09150'
8701.0,b'New Londo',b'Southeastern Connecticut Planning Region',b'09011870100',b'09180870100',b'09011',b'09180'
7028.0,b'New Londo',b'Southeastern Connecticut Planning Region',b'09011702800',b'09180702800',b'09011',b'09180'
7029.0,b'New Londo',b'Southeastern Connecticut Planning Region',b'09011702900',b'09180702900',b'09011',b'09180'
7030.0,b'New Londo',b'Southeastern Connecticut Planning Region',b'09011703000',b'09180703000',b'09011',b'09180'
2532.0,b'Litchfiel',b'Western Connecticut Planning Region',b'09005253200',b'09190253200',b'09005',b'09190'
3492.0,b'Litchfiel',b'Naugatuck Valley Planning Region',b'09005349200',b'09140349200',b'09005',b'09140'
3621.01,b'Litchfiel',b'Naugatuck Valley Planning Region',b'09005362101',b'09140362101',b'09005',b'09140'
3004.0,b'Litchfiel',b'Northwest Hills Planning Region',b'09005300400',b'09160300400',b'09005',b'09160'
3005.0,b'Litchfiel',b'Northwest Hills Planning Region',b'09005300500',b'09160300500',b'09005',b'09160'
3601.0,b'Litchfiel',b'Naugatuck Valley Planning Region',b'09005360100',b'09140360100',b'09005',b'09140'
4253.0,b'Litchfiel',b'Naugatuck Valley Planning Region',b'09005425300',b'09140425300',b'09005',b'09140'
2611.0,b'Litchfiel',b'Northwest Hills Planning Region',b'09005261100',b'09160261100',b'09005',b'09160'
2534.0,b'Litchfiel',b'Western Connecticut Planning Region',b'09005253400',b'09190253400',b'09005',b'09190'
3491.0,b'Litchfiel',b'Naugatuck Valley Planning Region',b'09005349100',b'09140349100',b'09005',b'09140'
2535.0,b'Litchfiel',b'Western Connecticut Planning Region',b'09005253500',b'09190253500',b'09005',b'09190'
2961.0,b'Litchfiel',b'Northwest Hills Planning Region',b'09005296100',b'09160296100',b'09005',b'09160'
3106.01,b'Litchfiel',b'Northwest Hills Planning Region',b'09005310601',b'09160310601',b'09005',b'09160'
3061.0,b'Litchfiel',b'Northwest Hills Planning Region',b'09005306100',b'09160306100',b'09005',b'09160'
2632.0,b'Litchfiel',b'Northwest Hills Planning Region',b'09005263200',b'09160263200',b'09005',b'09160'
3001.0,b'Litchfiel',b'Northwest Hills Planning Region',b'09005300100',b'09160300100',b'09005',b'09160'
3621.02,b'Litchfiel',b'Naugatuck Valley Planning Region',b'09005362102',b'09140362102',b'09005',b'09140'
7151.0,b'New Londo',b'Southeastern Connecticut Planning Region',b'09011715100',b'09180715100',b'09011',b'09180'
1106.01,b'Fairfield',b'Naugatuck Valley Planning Region',b'09001110601',b'09140110601',b'09001',b'09140'
1106.02,b'Fairfield',b'Naugatuck Valley Planning Region',b'09001110602',b'09140110602',b'09001',b'09140'
351.02,b'Fairfield',b'Western Connecticut Planning Region',b'09001035102',b'09190035102',b'09001',b'09190'
351.01,b'Fairfield',b'Western Connecticut Planning Region',b'09001035101',b'09190035101',b'09001',b'09190'
2105.02,b'Fairfield',b'Western Connecticut Planning Region',b'09001210502',b'09190210502',b'09001',b'09190'
217.01,b'Fairfield',b'Western Connecticut Planning Region',b'09001021701',b'09190021701',b'09001',b'09190'
216.02,b'Fairfield',b'Western Connecticut Planning Region',b'09001021602',b'09190021602',b'09001',b'09190'
215.02,b'Fairfield',b'Western Connecticut Planning Region',b'09001021502',b'09190021502',b'09001',b'09190'
2112.02,b'Fairfield',b'Western Connecticut Planning Region',b'09001211202',b'09190211202',b'09001',b'09190'
2102.02,b'Fairfield',b'Western Connecticut Planning Region',b'09001210202',b'09190210202',b'09001',b'09190'
2102.01,b'Fairfield',b'Western Connecticut Planning Region',b'09001210201',b'09190210201',b'09001',b'09190'
2101.02,b'Fairfield',b'Western Connecticut Planning Region',b'09001210102',b'09190210102',b'09001',b'09190'
2104.01,b'Fairfield',b'Western Connecticut Planning Region',b'09001210401',b'09190210401',b'09001',b'09190'
503.02,b'Fairfield',b'Western Connecticut Planning Region',b'09001050302',b'09190050302',b'09001',b'09190'
214.01,b'Fairfield',b'Western Connecticut Planning Region',b'09001021401',b'09190021401',b'09001',b'09190'
214.02,b'Fairfield',b'Western Connecticut Planning Region',b'09001021402',b'09190021402',b'09001',b'09190'
216.01,b'Fairfield',b'Western Connecticut Planning Region',b'09001021601',b'09190021601',b'09001',b'09190'
201.01,b'Fairfield',b'Western Connecticut Planning Region',b'09001020101',b'09190020101',b'09001',b'09190'
217.02,b'Fairfield',b'Western Connecticut Planning Region',b'09001021702',b'09190021702',b'09001',b'09190'
215.01,b'Fairfield',b'Western Connecticut Planning Region',b'09001021501',b'09190021501',b'09001',b'09190'
2112.01,b'Fairfield',b'Western Connecticut Planning Region',b'09001211201',b'09190211201',b'09001',b'09190'
2101.01,b'Fairfield',b'Western Connecticut Planning Region',b'09001210101',b'09190210101',b'09001',b'09190'
201.02,b'Fairfield',b'Western Connecticut Planning Region',b'09001020102',b'09190020102',b'09001',b'09190'
2105.01,b'Fairfield',b'Western Connecticut Planning Region',b'09001210501',b'09190210501',b'09001',b'09190'
2104.02,b'Fairfield',b'Western Connecticut Planning Region',b'09001210402',b'09190210402',b'09001',b'09190'
503.01,b'Fairfield',b'Western Connecticut Planning Region',b'09001050301',b'09190050301',b'09001',b'09190'
8815.0,b'Tolland',b'Capitol Planning Region',b'09013881500',b'09110881500',b'09013',b'09110'
4306.04,b'Hartford',b'Capitol Planning Region',b'09003430604',b'09110430604',b'09003',b'09110'
4305.01,b'Hartford',b'Capitol Planning Region',b'09003430501',b'09110430501',b'09003',b'09110'
4305.02,b'Hartford',b'Capitol Planning Region',b'09003430502',b'09110430502',b'09003',b'09110'
9800.02,b'Hartford',b'Capitol Planning Region',b'09003980002',b'09110980002',b'09003',b'09110'
4172.0,b'Hartford',b'Capitol Planning Region',b'09003417200',b'09110417200',b'09003',b'09110'
4173.0,b'Hartford',b'Capitol Planning Region',b'09003417300',b'09110417300',b'09003',b'09110'
9800.03,b'Hartford',b'Capitol Planning Region',b'09003980003',b'09110980003',b'09003',b'09110'
9801.0,b'Hartford',b'Capitol Planning Region',b'09003980100',b'09110980100',b'09003',b'09110'
9800.01,b'Hartford',b'Capitol Planning Region',b'09003980001',b'09110980001',b'09003',b'09110'
1426.04,b'New Haven',b'South Central Connecticut Planning Region',b'09009142604',b'09170142604',b'09009',b'09170'
3614.01,b'New Haven',b'South Central Connecticut Planning Region',b'09009361401',b'09170361401',b'09009',b'09170'
4601.0,b'Hartford',b'Capitol Planning Region',b'09003460100',b'09110460100',b'09003',b'09110'
2572.0,b'Fairfield',b'Greater Bridgeport Planning Region',b'09001257200',b'09120257200',b'09001',b'09120'
4054.02,b'Hartford',b'Naugatuck Valley Planning Region',b'09003405402',b'09140405402',b'09003',b'09140'
5245.02,b'Hartford',b'Capitol Planning Region',b'09003524502',b'09110524502',b'09003',b'09110'
5242.0,b'Hartford',b'Capitol Planning Region',b'09003524200',b'09110524200',b'09003',b'09110'
4602.03,b'Hartford',b'Capitol Planning Region',b'09003460203',b'09110460203',b'09003',b'09110'
4872.01,b'Hartford',b'Capitol Planning Region',b'09003487201',b'09110487201',b'09003',b'09110'
4872.02,b'Hartford',b'Capitol Planning Region',b'09003487202',b'09110487202',b'09003',b'09110'
5141.01,b'Hartford',b'Capitol Planning Region',b'09003514101',b'09110514101',b'09003',b'09110'
5203.02,b'Hartford',b'Capitol Planning Region',b'09003520302',b'09110520302',b'09003',b'09110'
5203.01,b'Hartford',b'Capitol Planning Region',b'09003520301',b'09110520301',b'09003',b'09110'
5243.0,b'Hartford',b'Capitol Planning Region',b'09003524300',b'09110524300',b'09003',b'09110'
5247.0,b'Hartford',b'Capitol Planning Region',b'09003524700',b'09110524700',b'09003',b'09110'
5244.0,b'Hartford',b'Capitol Planning Region',b'09003524400',b'09110524400',b'09003',b'09110'
5246.0,b'Hartford',b'Capitol Planning Region',b'09003524600',b'09110524600',b'09003',b'09110'
9031.01,b'Windham',b'Northeastern Connecticut Planning Region',b'09015903101',b'09150903101',b'09015',b'09150'
9041.02,b'Windham',b'Northeastern Connecticut Planning Region',b'09015904102',b'09150904102',b'09015',b'09150'
9051.01,b'Windham',b'Northeastern Connecticut Planning Region',b'09015905101',b'09150905101',b'09015',b'09150'
8005.02,b'Windham',b'Southeastern Connecticut Planning Region',b'09015800502',b'09180800502',b'09015',b'09180'
9031.02,b'Windham',b'Northeastern Connecticut Planning Region',b'09015903102',b'09150903102',b'09015',b'09150'
9011.02,b'Windham',b'Northeastern Connecticut Planning Region',b'09015901102',b'09150901102',b'09015',b'09150'
9011.01,b'Windham',b'Northeastern Connecticut Planning Region',b'09015901101',b'09150901101',b'09015',b'09150'
9041.01,b'Windham',b'Northeastern Connecticut Planning Region',b'09015904101',b'09150904101',b'09015',b'09150'
8005.01,b'Windham',b'Southeastern Connecticut Planning Region',b'09015800501',b'09180800501',b'09015',b'09180'
9051.02,b'Windham',b'Northeastern Connecticut Planning Region',b'09015905102',b'09150905102',b'09015',b'09150'
1427.0,b'New Haven',b'South Central Connecticut Planning Region',b'09009142700',b'09170142700',b'09009',b'09170'
7141.04,b'New Londo',b'Southeastern Connecticut Planning Region',b'09011714104',b'09180714104',b'09011',b'09180'
8707.04,b'New Londo',b'Southeastern Connecticut Planning Region',b'09011870704',b'09180870704',b'09011',b'09180'
8707.01,b'New Londo',b'Southeastern Connecticut Planning Region',b'09011870701',b'09180870701',b'09011',b'09180'
7051.02,b'New Londo',b'Southeastern Connecticut Planning Region',b'09011705102',b'09180705102',b'09011',b'09180'
7051.01,b'New Londo',b'Southeastern Connecticut Planning Region',b'09011705101',b'09180705101',b'09011',b'09180'
8703.0,b'New Londo',b'Southeastern Connecticut Planning Region',b'09011870300',b'09180870300',b'09011',b'09180'
5291.0,b'Tolland',b'Capitol Planning Region',b'09013529100',b'09110529100',b'09013',b'09110'
5301.0,b'Tolland',b'Capitol Planning Region',b'09013530100',b'09110530100',b'09013',b'09110'
5241.0,b'Hartford',b'Capitol Planning Region',b'09003524100',b'09110524100',b'09003',b'09110'
5303.01,b'Tolland',b'Capitol Planning Region',b'09013530301',b'09110530301',b'09013',b'09110'
5303.02,b'Tolland',b'Capitol Planning Region',b'09013530302',b'09110530302',b'09013',b'09110'
5304.0,b'Tolland',b'Capitol Planning Region',b'09013530400',b'09110530400',b'09013',b'09110'
5305.0,b'Tolland',b'Capitol Planning Region',b'09013530500',b'09110530500',b'09013',b'09110'
8811.0,b'Tolland',b'Capitol Planning Region',b'09013881100',b'09110881100',b'09013',b'09110'
8502.0,b'Tolland',b'Capitol Planning Region',b'09013850200',b'09110850200',b'09013',b'09110'
4204.0,b'Hartford',b'Capitol Planning Region',b'09003420400',b'09110420400',b'09003',b'09110'
1415.0,b'New Haven',b'South Central Connecticut Planning Region',b'09009141500',b'09170141500',b'09009',b'09170'
1416.0,b'New Haven',b'South Central Connecticut Planning Region',b'09009141600',b'09170141600',b'09009',b'09170'
1418.0,b'New Haven',b'South Central Connecticut Planning Region',b'09009141800',b'09170141800',b'09009',b'09170'
1419.0,b'New Haven',b'South Central Connecticut Planning Region',b'09009141900',b'09170141900',b'09009',b'09170'
1421.0,b'New Haven',b'South Central Connecticut Planning Region',b'09009142100',b'09170142100',b'09009',b'09170'
6908.0,b'New Londo',b'Southeastern Connecticut Planning Region',b'09011690800',b'09180690800',b'09011',b'09180'
6909.0,b'New Londo',b'Southeastern Connecticut Planning Region',b'09011690900',b'09180690900',b'09011',b'09180'
6935.0,b'New Londo',b'Southeastern Connecticut Planning Region',b'09011693500',b'09180693500',b'09011',b'09180'
6936.0,b'New Londo',b'Southeastern Connecticut Planning Region',b'09011693600',b'09180693600',b'09011',b'09180'
6968.0,b'New Londo',b'Southeastern Connecticut Planning Region',b'09011696800',b'09180696800',b'09011',b'09180'
6970.0,b'New Londo',b'Southeastern Connecticut Planning Region',b'09011697000',b'09180697000',b'09011',b'09180'
6103.0,b'Middlesex',b'Lower Connecticut River Valley Planning R',b'09007610300',b'09130610300',b'09007',b'09130'
7023.0,b'New Londo',b'Southeastern Connecticut Planning Region',b'09011702300',b'09180702300',b'09011',b'09180'
7024.0,b'New Londo',b'Southeastern Connecticut Planning Region',b'09011702400',b'09180702400',b'09011',b'09180'
426.0,b'Fairfield',b'Western Connecticut Planning Region',b'09001042600',b'09190042600',b'09001',b'09190'
429.0,b'Fairfield',b'Western Connecticut Planning Region',b'09001042900',b'09190042900',b'09001',b'09190'
710.0,b'Fairfield',b'Greater Bridgeport Planning Region',b'09001071000',b'09120071000',b'09001',b'09120'
711.0,b'Fairfield',b'Greater Bridgeport Planning Region',b'09001071100',b'09120071100',b'09001',b'09120'
712.0,b'Fairfield',b'Greater Bridgeport Planning Region',b'09001071200',b'09120071200',b'09001',b'09120'
713.0,b'Fairfield',b'Greater Bridgeport Planning Region',b'09001071300',b'09120071300',b'09001',b'09120'
714.0,b'Fairfield',b'Greater Bridgeport Planning Region',b'09001071400',b'09120071400',b'09001',b'09120'
4301.0,b'Hartford',b'Capitol Planning Region',b'09003430100',b'09110430100',b'09003',b'09110'
716.0,b'Fairfield',b'Greater Bridgeport Planning Region',b'09001071600',b'09120071600',b'09001',b'09120'
4871.0,b'Hartford',b'Capitol Planning Region',b'09003487100',b'09110487100',b'09003',b'09110'
434.0,b'Fairfield',b'Western Connecticut Planning Region',b'09001043400',b'09190043400',b'09001',b'09190'
435.0,b'Fairfield',b'Western Connecticut Planning Region',b'09001043500',b'09190043500',b'09001',b'09190'
719.0,b'Fairfield',b'Greater Bridgeport Planning Region',b'09001071900',b'09120071900',b'09001',b'09120'
720.0,b'Fairfield',b'Greater Bridgeport Planning Region',b'09001072000',b'09120072000',b'09001',b'09120'
722.0,b'Fairfield',b'Greater Bridgeport Planning Region',b'09001072200',b'09120072200',b'09001',b'09120'
436.0,b'Fairfield',b'Western Connecticut Planning Region',b'09001043600',b'09190043600',b'09001',b'09190'
723.0,b'Fairfield',b'Greater Bridgeport Planning Region',b'09001072300',b'09120072300',b'09001',b'09120'
724.0,b'Fairfield',b'Greater Bridgeport Planning Region',b'09001072400',b'09120072400',b'09001',b'09120'
725.0,b'Fairfield',b'Greater Bridgeport Planning Region',b'09001072500',b'09120072500',b'09001',b'09120'
7054.0,b'New Londo',b'Southeastern Connecticut Planning Region',b'09011705400',b'09180705400',b'09011',b'09180'
7161.01,b'New Londo',b'Southeastern Connecticut Planning Region',b'09011716101',b'09180716101',b'09011',b'09180'
6952.02,b'New Londo',b'Southeastern Connecticut Planning Region',b'09011695202',b'09180695202',b'09011',b'09180'
7111.0,b'New Londo',b'Southeastern Connecticut Planning Region',b'09011711100',b'09180711100',b'09011',b'09180'
7052.0,b'New Londo',b'Southeastern Connecticut Planning Region',b'09011705200',b'09180705200',b'09011',b'09180'
7011.0,b'New Londo',b'Southeastern Connecticut Planning Region',b'09011701100',b'09180701100',b'09011',b'09180'
726.0,b'Fairfield',b'Greater Bridgeport Planning Region',b'09001072600',b'09120072600',b'09001',b'09120'
727.0,b'Fairfield',b'Greater Bridgeport Planning Region',b'09001072700',b'09120072700',b'09001',b'09120'
439.0,b'Fairfield',b'Western Connecticut Planning Region',b'09001043900',b'09190043900',b'09001',b'09190'
437.0,b'Fairfield',b'Western Connecticut Planning Region',b'09001043700',b'09190043700',b'09001',b'09190'
728.0,b'Fairfield',b'Greater Bridgeport Planning Region',b'09001072800',b'09120072800',b'09001',b'09120'
6933.0,b'New Londo',b'Southeastern Connecticut Planning Region',b'09011693300',b'09180693300',b'09011',b'09180'
7141.01,b'New Londo',b'Southeastern Connecticut Planning Region',b'09011714101',b'09180714101',b'09011',b'09180'
7071.0,b'New Londo',b'Southeastern Connecticut Planning Region',b'09011707100',b'09180707100',b'09011',b'09180'
7012.0,b'New Londo',b'Southeastern Connecticut Planning Region',b'09011701200',b'09180701200',b'09011',b'09180'
6952.01,b'New Londo',b'Southeastern Connecticut Planning Region',b'09011695201',b'09180695201',b'09011',b'09180'
6501.0,b'New Londo',b'Lower Connecticut River Valley Planning R',b'09011650100',b'09130650100',b'09011',b'09130'
6966.0,b'New Londo',b'Southeastern Connecticut Planning Region',b'09011696600',b'09180696600',b'09011',b'09180'
6934.0,b'New Londo',b'Southeastern Connecticut Planning Region',b'09011693400',b'09180693400',b'09011',b'09180'
440.0,b'Fairfield',b'Western Connecticut Planning Region',b'09001044000',b'09190044000',b'09001',b'09190'
441.0,b'Fairfield',b'Western Connecticut Planning Region',b'09001044100',b'09190044100',b'09001',b'09190'
442.0,b'Fairfield',b'Western Connecticut Planning Region',b'09001044200',b'09190044200',b'09001',b'09190'
730.0,b'Fairfield',b'Greater Bridgeport Planning Region',b'09001073000',b'09120073000',b'09001',b'09120'
732.0,b'Fairfield',b'Greater Bridgeport Planning Region',b'09001073200',b'09120073200',b'09001',b'09120'
733.0,b'Fairfield',b'Greater Bridgeport Planning Region',b'09001073300',b'09120073300',b'09001',b'09120'
734.0,b'Fairfield',b'Greater Bridgeport Planning Region',b'09001073400',b'09120073400',b'09001',b'09120'
735.0,b'Fairfield',b'Greater Bridgeport Planning Region',b'09001073500',b'09120073500',b'09001',b'09120'
737.0,b'Fairfield',b'Greater Bridgeport Planning Region',b'09001073700',b'09120073700',b'09001',b'09120'
738.0,b'Fairfield',b'Greater Bridgeport Planning Region',b'09001073800',b'09120073800',b'09001',b'09120'
743.0,b'Fairfield',b'Greater Bridgeport Planning Region',b'09001074300',b'09120074300',b'09001',b'09120'
744.0,b'Fairfield',b'Greater Bridgeport Planning Region',b'09001074400',b'09120074400',b'09001',b'09120'
801.0,b'Fairfield',b'Greater Bridgeport Planning Region',b'09001080100',b'09120080100',b'09001',b'09120'
218.01,b'Fairfield',b'Western Connecticut Planning Region',b'09001021801',b'09190021801',b'09001',b'09190'
218.02,b'Fairfield',b'Western Connecticut Planning Region',b'09001021802',b'09190021802',b'09001',b'09190'
802.0,b'Fairfield',b'Greater Bridgeport Planning Region',b'09001080200',b'09120080200',b'09001',b'09120'
805.0,b'Fairfield',b'Greater Bridgeport Planning Region',b'09001080500',b'09120080500',b'09001',b'09120'
806.0,b'Fairfield',b'Greater Bridgeport Planning Region',b'09001080600',b'09120080600',b'09001',b'09120'
807.0,b'Fairfield',b'Greater Bridgeport Planning Region',b'09001080700',b'09120080700',b'09001',b'09120'
443.0,b'Fairfield',b'Western Connecticut Planning Region',b'09001044300',b'09190044300',b'09001',b'09190'
444.0,b'Fairfield',b'Western Connecticut Planning Region',b'09001044400',b'09190044400',b'09001',b'09190'
445.0,b'Fairfield',b'Western Connecticut Planning Region',b'09001044500',b'09190044500',b'09001',b'09190'
446.0,b'Fairfield',b'Western Connecticut Planning Region',b'09001044600',b'09190044600',b'09001',b'09190'
907.0,b'Fairfield',b'Greater Bridgeport Planning Region',b'09001090700',b'09120090700',b'09001',b'09120'
1101.0,b'Fairfield',b'Naugatuck Valley Planning Region',b'09001110100',b'09140110100',b'09001',b'09140'
2003.02,b'Fairfield',b'Western Connecticut Planning Region',b'09001200302',b'09190200302',b'09001',b'09190'
2103.0,b'Fairfield',b'Western Connecticut Planning Region',b'09001210300',b'09190210300',b'09001',b'09190'
809.0,b'Fairfield',b'Greater Bridgeport Planning Region',b'09001080900',b'09120080900',b'09001',b'09120'
6937.0,b'New Londo',b'Southeastern Connecticut Planning Region',b'09011693700',b'09180693700',b'09011',b'09180'
7161.02,b'New Londo',b'Southeastern Connecticut Planning Region',b'09011716102',b'09180716102',b'09011',b'09180'
7131.0,b'New Londo',b'Southeastern Connecticut Planning Region',b'09011713100',b'09180713100',b'09011',b'09180'
6965.0,b'New Londo',b'Southeastern Connecticut Planning Region',b'09011696500',b'09180696500',b'09011',b'09180'
4056.0,b'Hartford',b'Naugatuck Valley Planning Region',b'09003405600',b'09140405600',b'09003',b'09140'
5102.0,b'Hartford',b'Capitol Planning Region',b'09003510200',b'09110510200',b'09003',b'09110'
5104.0,b'Hartford',b'Capitol Planning Region',b'09003510400',b'09110510400',b'09003',b'09110'
5103.0,b'Hartford',b'Capitol Planning Region',b'09003510300',b'09110510300',b'09003',b'09110'
4924.0,b'Hartford',b'Capitol Planning Region',b'09003492400',b'09110492400',b'09003',b'09110'
4052.0,b'Hartford',b'Naugatuck Valley Planning Region',b'09003405200',b'09140405200',b'09003',b'09140'
222.01,b'Fairfield',b'Western Connecticut Planning Region',b'09001022201',b'09190022201',b'09001',b'09190'
222.02,b'Fairfield',b'Western Connecticut Planning Region',b'09001022202',b'09190022202',b'09001',b'09190'
221.01,b'Fairfield',b'Western Connecticut Planning Region',b'09001022101',b'09190022101',b'09001',b'09190'
221.02,b'Fairfield',b'Western Connecticut Planning Region',b'09001022102',b'09190022102',b'09001',b'09190'
203.02,b'Fairfield',b'Western Connecticut Planning Region',b'09001020302',b'09190020302',b'09001',b'09190'
203.01,b'Fairfield',b'Western Connecticut Planning Region',b'09001020301',b'09190020301',b'09001',b'09190'
4153.0,b'Hartford',b'Capitol Planning Region',b'09003415300',b'09110415300',b'09003',b'09110'
4925.0,b'Hartford',b'Capitol Planning Region',b'09003492500',b'09110492500',b'09003',b'09110'
4941.0,b'Hartford',b'Capitol Planning Region',b'09003494100',b'09110494100',b'09003',b'09110'
4942.01,b'Hartford',b'Capitol Planning Region',b'09003494201',b'09110494201',b'09003',b'09110'
4942.02,b'Hartford',b'Capitol Planning Region',b'09003494202',b'09110494202',b'09003',b'09110'
4943.0,b'Hartford',b'Capitol Planning Region',b'09003494300',b'09110494300',b'09003',b'09110'
5107.0,b'Hartford',b'Capitol Planning Region',b'09003510700',b'09110510700',b'09003',b'09110'
5109.0,b'Hartford',b'Capitol Planning Region',b'09003510900',b'09110510900',b'09003',b'09110'
5108.0,b'Hartford',b'Capitol Planning Region',b'09003510800',b'09110510800',b'09003',b'09110'
5023.0,b'Hartford',b'Capitol Planning Region',b'09003502300',b'09110502300',b'09003',b'09110'
4155.0,b'Hartford',b'Capitol Planning Region',b'09003415500',b'09110415500',b'09003',b'09110'
4156.0,b'Hartford',b'Capitol Planning Region',b'09003415600',b'09110415600',b'09003',b'09110'
4157.0,b'Hartford',b'Capitol Planning Region',b'09003415700',b'09110415700',b'09003',b'09110'
4158.0,b'Hartford',b'Capitol Planning Region',b'09003415800',b'09110415800',b'09003',b'09110'
4159.0,b'Hartford',b'Capitol Planning Region',b'09003415900',b'09110415900',b'09003',b'09110'
4160.0,b'Hartford',b'Capitol Planning Region',b'09003416000',b'09110416000',b'09003',b'09110'
4161.0,b'Hartford',b'Capitol Planning Region',b'09003416100',b'09110416100',b'09003',b'09110'
4944.0,b'Hartford',b'Capitol Planning Region',b'09003494400',b'09110494400',b'09003',b'09110'
4945.0,b'Hartford',b'Capitol Planning Region',b'09003494500',b'09110494500',b'09003',b'09110'
5024.0,b'Hartford',b'Capitol Planning Region',b'09003502400',b'09110502400',b'09003',b'09110'
4162.0,b'Hartford',b'Capitol Planning Region',b'09003416200',b'09110416200',b'09003',b'09110'
4163.0,b'Hartford',b'Capitol Planning Region',b'09003416300',b'09110416300',b'09003',b'09110'
4164.0,b'Hartford',b'Capitol Planning Region',b'09003416400',b'09110416400',b'09003',b'09110'
4166.0,b'Hartford',b'Capitol Planning Region',b'09003416600',b'09110416600',b'09003',b'09110'
4167.0,b'Hartford',b'Capitol Planning Region',b'09003416700',b'09110416700',b'09003',b'09110'
4168.0,b'Hartford',b'Capitol Planning Region',b'09003416800',b'09110416800',b'09003',b'09110'
4171.0,b'Hartford',b'Capitol Planning Region',b'09003417100',b'09110417100',b'09003',b'09110'
4174.0,b'Hartford',b'Capitol Planning Region',b'09003417400',b'09110417400',b'09003',b'09110'
4175.0,b'Hartford',b'Capitol Planning Region',b'09003417500',b'09110417500',b'09003',b'09110'
5901.02,b'Middlesex',b'Lower Connecticut River Valley Planning R',b'09007590102',b'09130590102',b'09007',b'09130'
6801.02,b'Middlesex',b'Lower Connecticut River Valley Planning R',b'09007680102',b'09130680102',b'09007',b'09130'
6301.01,b'Middlesex',b'Lower Connecticut River Valley Planning R',b'09007630101',b'09130630101',b'09007',b'09130'
5901.01,b'Middlesex',b'Lower Connecticut River Valley Planning R',b'09007590101',b'09130590101',b'09007',b'09130'
6801.01,b'Middlesex',b'Lower Connecticut River Valley Planning R',b'09007680101',b'09130680101',b'09007',b'09130'
5413.01,b'Middlesex',b'Lower Connecticut River Valley Planning R',b'09007541301',b'09130541301',b'09007',b'09130'
5413.02,b'Middlesex',b'Lower Connecticut River Valley Planning R',b'09007541302',b'09130541302',b'09007',b'09130'
6301.02,b'Middlesex',b'Lower Connecticut River Valley Planning R',b'09007630102',b'09130630102',b'09007',b'09130'
5048.0,b'Hartford',b'Capitol Planning Region',b'09003504800',b'09110504800',b'09003',b'09110'
4205.0,b'Hartford',b'Capitol Planning Region',b'09003420500',b'09110420500',b'09003',b'09110'
4302.01,b'Hartford',b'Capitol Planning Region',b'09003430201',b'09110430201',b'09003',b'09110'
4303.02,b'Hartford',b'Capitol Planning Region',b'09003430302',b'09110430302',b'09003',b'09110'
4306.02,b'Hartford',b'Capitol Planning Region',b'09003430602',b'09110430602',b'09003',b'09110'
4977.0,b'Hartford',b'Capitol Planning Region',b'09003497700',b'09110497700',b'09003',b'09110'
5002.0,b'Hartford',b'Capitol Planning Region',b'09003500200',b'09110500200',b'09003',b'09110'
5003.0,b'Hartford',b'Capitol Planning Region',b'09003500300',b'09110500300',b'09003',b'09110'
5851.0,b'Middlesex',b'Lower Connecticut River Valley Planning R',b'09007585100',b'09130585100',b'09007',b'09130'
6104.0,b'Middlesex',b'Lower Connecticut River Valley Planning R',b'09007610400',b'09130610400',b'09007',b'09130'
1253.0,b'New Haven',b'Naugatuck Valley Planning Region',b'09009125300',b'09140125300',b'09009',b'09140'
1254.0,b'New Haven',b'Naugatuck Valley Planning Region',b'09009125400',b'09140125400',b'09009',b'09140'
4603.01,b'Hartford',b'Capitol Planning Region',b'09003460301',b'09110460301',b'09003',b'09110'
4622.02,b'Hartford',b'Capitol Planning Region',b'09003462202',b'09110462202',b'09003',b'09110'
4662.01,b'Hartford',b'Capitol Planning Region',b'09003466201',b'09110466201',b'09003',b'09110'
4664.0,b'Hartford',b'Capitol Planning Region',b'09003466400',b'09110466400',b'09003',b'09110'
4921.0,b'Hartford',b'Capitol Planning Region',b'09003492100',b'09110492100',b'09003',b'09110'
1402.0,b'New Haven',b'South Central Connecticut Planning Region',b'09009140200',b'09170140200',b'09009',b'09170'
1403.0,b'New Haven',b'South Central Connecticut Planning Region',b'09009140300',b'09170140300',b'09009',b'09170'
1404.0,b'New Haven',b'South Central Connecticut Planning Region',b'09009140400',b'09170140400',b'09009',b'09170'
1405.0,b'New Haven',b'South Central Connecticut Planning Region',b'09009140500',b'09170140500',b'09009',b'09170'
1406.0,b'New Haven',b'South Central Connecticut Planning Region',b'09009140600',b'09170140600',b'09009',b'09170'
1407.0,b'New Haven',b'South Central Connecticut Planning Region',b'09009140700',b'09170140700',b'09009',b'09170'
4926.0,b'Hartford',b'Capitol Planning Region',b'09003492600',b'09110492600',b'09003',b'09110'
4712.0,b'Hartford',b'Capitol Planning Region',b'09003471200',b'09110471200',b'09003',b'09110'
5113.0,b'Hartford',b'Capitol Planning Region',b'09003511300',b'09110511300',b'09003',b'09110'
4808.0,b'Hartford',b'Capitol Planning Region',b'09003480800',b'09110480800',b'09003',b'09110'
5204.0,b'Hartford',b'Capitol Planning Region',b'09003520400',b'09110520400',b'09003',b'09110'
5151.01,b'Hartford',b'Capitol Planning Region',b'09003515101',b'09110515101',b'09003',b'09110'
4901.0,b'Hartford',b'Capitol Planning Region',b'09003490100',b'09110490100',b'09003',b'09110'
4060.02,b'Hartford',b'Naugatuck Valley Planning Region',b'09003406002',b'09140406002',b'09003',b'09140'
4711.0,b'Hartford',b'Capitol Planning Region',b'09003471100',b'09110471100',b'09003',b'09110'
4715.0,b'Hartford',b'Capitol Planning Region',b'09003471500',b'09110471500',b'09003',b'09110'
4734.0,b'Hartford',b'Capitol Planning Region',b'09003473400',b'09110473400',b'09003',b'09110'
4736.02,b'Hartford',b'Capitol Planning Region',b'09003473602',b'09110473602',b'09003',b'09110'
4922.0,b'Hartford',b'Capitol Planning Region',b'09003492200',b'09110492200',b'09003',b'09110'
4923.0,b'Hartford',b'Capitol Planning Region',b'09003492300',b'09110492300',b'09003',b'09110'
5004.0,b'Hartford',b'Capitol Planning Region',b'09003500400',b'09110500400',b'09003',b'09110'
5012.0,b'Hartford',b'Capitol Planning Region',b'09003501200',b'09110501200',b'09003',b'09110'
7025.0,b'New Londo',b'Southeastern Connecticut Planning Region',b'09011702500',b'09180702500',b'09011',b'09180'
7026.0,b'New Londo',b'Southeastern Connecticut Planning Region',b'09011702600',b'09180702600',b'09011',b'09180'
7027.0,b'New Londo',b'Southeastern Connecticut Planning Region',b'09011702700',b'09180702700',b'09011',b'09180'
9800.0,b'New Londo',b'Southeastern Connecticut Planning Region',b'09011980000',b'09180980000',b'09011',b'09180'
7053.0,b'New Londo',b'Southeastern Connecticut Planning Region',b'09011705300',b'09180705300',b'09011',b'09180'
7092.0,b'New Londo',b'Southeastern Connecticut Planning Region',b'09011709200',b'09180709200',b'09011',b'09180'
7121.0,b'New Londo',b'Southeastern Connecticut Planning Region',b'09011712100',b'09180712100',b'09011',b'09180'
903.0,b'Fairfield',b'Greater Bridgeport Planning Region',b'09001090300',b'09120090300',b'09001',b'09120'
101.01,b'Fairfield',b'Western Connecticut Planning Region',b'09001010101',b'09190010101',b'09001',b'09190'
206.0,b'Fairfield',b'Western Connecticut Planning Region',b'09001020600',b'09190020600',b'09001',b'09190'
213.0,b'Fairfield',b'Western Connecticut Planning Region',b'09001021300',b'09190021300',b'09001',b'09190'
211.0,b'Fairfield',b'Western Connecticut Planning Region',b'09001021100',b'09190021100',b'09001',b'09190'
353.0,b'Fairfield',b'Western Connecticut Planning Region',b'09001035300',b'09190035300',b'09001',b'09190'
736.0,b'Fairfield',b'Greater Bridgeport Planning Region',b'09001073600',b'09120073600',b'09001',b'09120'
501.0,b'Fairfield',b'Western Connecticut Planning Region',b'09001050100',b'09190050100',b'09001',b'09190'
605.0,b'Fairfield',b'Greater Bridgeport Planning Region',b'09001060500',b'09120060500',b'09001',b'09120'
1003.0,b'Fairfield',b'Greater Bridgeport Planning Region',b'09001100300',b'09120100300',b'09001',b'09120'
453.0,b'Fairfield',b'Western Connecticut Planning Region',b'09001045300',b'09190045300',b'09001',b'09190'
610.0,b'Fairfield',b'Greater Bridgeport Planning Region',b'09001061000',b'09120061000',b'09001',b'09120'
808.0,b'Fairfield',b'Greater Bridgeport Planning Region',b'09001080800',b'09120080800',b'09001',b'09120'
4903.04,b'Hartford',b'Capitol Planning Region',b'09003490304',b'09110490304',b'09003',b'09110'
4903.03,b'Hartford',b'Capitol Planning Region',b'09003490303',b'09110490303',b'09003',b'09110'
4001.02,b'Hartford',b'Capitol Planning Region',b'09003400102',b'09110400102',b'09003',b'09110'
4001.01,b'Hartford',b'Capitol Planning Region',b'09003400101',b'09110400101',b'09003',b'09110'
4206.02,b'Hartford',b'Capitol Planning Region',b'09003420602',b'09110420602',b'09003',b'09110'
4206.01,b'Hartford',b'Capitol Planning Region',b'09003420601',b'09110420601',b'09003',b'09110'
5141.04,b'Hartford',b'Capitol Planning Region',b'09003514104',b'09110514104',b'09003',b'09110'
4058.01,b'Hartford',b'Naugatuck Valley Planning Region',b'09003405801',b'09140405801',b'09003',b'09140'
4306.03,b'Hartford',b'Capitol Planning Region',b'09003430603',b'09110430603',b'09003',b'09110'
4771.04,b'Hartford',b'Capitol Planning Region',b'09003477104',b'09110477104',b'09003',b'09110'
4058.02,b'Hartford',b'Naugatuck Valley Planning Region',b'09003405802',b'09140405802',b'09003',b'09140'
4771.03,b'Hartford',b'Capitol Planning Region',b'09003477103',b'09110477103',b'09003',b'09110'
5027.0,b'Hartford',b'Capitol Planning Region',b'09003502700',b'09110502700',b'09003',b'09110'
5031.02,b'Hartford',b'Capitol Planning Region',b'09003503102',b'09110503102',b'09003',b'09110'
5141.03,b'Hartford',b'Capitol Planning Region',b'09003514103',b'09110514103',b'09003',b'09110'
5031.01,b'Hartford',b'Capitol Planning Region',b'09003503101',b'09110503101',b'09003',b'09110'
4054.01,b'Hartford',b'Naugatuck Valley Planning Region',b'09003405401',b'09140405401',b'09003',b'09140'
303.0,b'Fairfield',b'Western Connecticut Planning Region',b'09001030300',b'09190030300',b'09001',b'09190'
2107.02,b'Fairfield',b'Western Connecticut Planning Region',b'09001210702',b'09190210702',b'09001',b'09190'
2107.01,b'Fairfield',b'Western Connecticut Planning Region',b'09001210701',b'09190210701',b'09001',b'09190'
5261.02,b'Tolland',b'Capitol Planning Region',b'09013526102',b'09110526102',b'09013',b'09110'
5261.01,b'Tolland',b'Capitol Planning Region',b'09013526101',b'09110526101',b'09013',b'09110'
8902.02,b'Tolland',b'Capitol Planning Region',b'09013890202',b'09110890202',b'09013',b'09110'
1510.0,b'New Haven',b'South Central Connecticut Planning Region',b'09009151000',b'09170151000',b'09009',b'09170'
5420.0,b'Middlesex',b'Lower Connecticut River Valley Planning R',b'09007542000',b'09130542000',b'09007',b'09130'
6401.0,b'Middlesex',b'Lower Connecticut River Valley Planning R',b'09007640100',b'09130640100',b'09007',b'09130'
5703.0,b'Middlesex',b'Lower Connecticut River Valley Planning R',b'09007570300',b'09130570300',b'09007',b'09130'
5602.0,b'Middlesex',b'Lower Connecticut River Valley Planning R',b'09007560200',b'09130560200',b'09007',b'09130'
5601.0,b'Middlesex',b'Lower Connecticut River Valley Planning R',b'09007560100',b'09130560100',b'09007',b'09130'
6701.0,b'Middlesex',b'Lower Connecticut River Valley Planning R',b'09007670100',b'09130670100',b'09007',b'09130'
5421.0,b'Middlesex',b'Lower Connecticut River Valley Planning R',b'09007542100',b'09130542100',b'09007',b'09130'
5412.0,b'Middlesex',b'Lower Connecticut River Valley Planning R',b'09007541200',b'09130541200',b'09007',b'09130'
6201.0,b'Middlesex',b'Lower Connecticut River Valley Planning R',b'09007620100',b'09130620100',b'09007',b'09130'
6101.0,b'Middlesex',b'Lower Connecticut River Valley Planning R',b'09007610100',b'09130610100',b'09007',b'09130'
6702.0,b'Middlesex',b'Lower Connecticut River Valley Planning R',b'09007670200',b'09130670200',b'09007',b'09130'
5702.0,b'Middlesex',b'Lower Connecticut River Valley Planning R',b'09007570200',b'09130570200',b'09007',b'09130'
1201.0,b'New Haven',b'Naugatuck Valley Planning Region',b'09009120100',b'09140120100',b'09009',b'09140'
1202.0,b'New Haven',b'Naugatuck Valley Planning Region',b'09009120200',b'09140120200',b'09009',b'09140'
5414.02,b'Middlesex',b'Lower Connecticut River Valley Planning R',b'09007541402',b'09130541402',b'09007',b'09130'
5414.01,b'Middlesex',b'Lower Connecticut River Valley Planning R',b'09007541401',b'09130541401',b'09007',b'09130'
5502.02,b'Middlesex',b'Lower Connecticut River Valley Planning R',b'09007550202',b'09130550202',b'09007',b'09130'
5951.02,b'Middlesex',b'Lower Connecticut River Valley Planning R',b'09007595102',b'09130595102',b'09007',b'09130'
5502.01,b'Middlesex',b'Lower Connecticut River Valley Planning R',b'09007550201',b'09130550201',b'09007',b'09130'
5951.01,b'Middlesex',b'Lower Connecticut River Valley Planning R',b'09007595101',b'09130595101',b'09007',b'09130'
6802.0,b'Middlesex',b'Lower Connecticut River Valley Planning R',b'09007680200',b'09130680200',b'09007',b'09130'
3614.02,b'New Haven',b'South Central Connecticut Planning Region',b'09009361402',b'09170361402',b'09009',b'09170'
3481.22,b'New Haven',b'Naugatuck Valley Planning Region',b'09009348122',b'09140348122',b'09009',b'09140'
3481.23,b'New Haven',b'Naugatuck Valley Planning Region',b'09009348123',b'09140348123',b'09009',b'09140'
3481.24,b'New Haven',b'Naugatuck Valley Planning Region',b'09009348124',b'09140348124',b'09009',b'09140'
3481.25,b'New Haven',b'Naugatuck Valley Planning Region',b'09009348125',b'09140348125',b'09009',b'09140'
8707.03,b'New Londo',b'Southeastern Connecticut Planning Region',b'09011870703',b'09180870703',b'09011',b'09180'
8705.02,b'New Londo',b'Southeastern Connecticut Planning Region',b'09011870502',b'09180870502',b'09011',b'09180'
8705.01,b'New Londo',b'Southeastern Connecticut Planning Region',b'09011870501',b'09180870501',b'09011',b'09180'
7141.03,b'New Londo',b'Southeastern Connecticut Planning Region',b'09011714103',b'09180714103',b'09011',b'09180'
8702.0,b'New Londo',b'Southeastern Connecticut Planning Region',b'09011870200',b'09180870200',b'09011',b'09180'
1505.0,b'New Haven',b'South Central Connecticut Planning Region',b'09009150500',b'09170150500',b'09009',b'09170'
1504.0,b'New Haven',b'South Central Connecticut Planning Region',b'09009150400',b'09170150400',b'09009',b'09170'
6903.0,b'New Londo',b'Southeastern Connecticut Planning Region',b'09011690300',b'09180690300',b'09011',b'09180'
6904.0,b'New Londo',b'Southeastern Connecticut Planning Region',b'09011690400',b'09180690400',b'09011',b'09180'
6905.0,b'New Londo',b'Southeastern Connecticut Planning Region',b'09011690500',b'09180690500',b'09011',b'09180'
6907.0,b'New Londo',b'Southeastern Connecticut Planning Region',b'09011690700',b'09180690700',b'09011',b'09180'
1542.0,b'New Haven',b'South Central Connecticut Planning Region',b'09009154200',b'09170154200',b'09009',b'09170'
1545.0,b'New Haven',b'South Central Connecticut Planning Region',b'09009154500',b'09170154500',b'09009',b'09170'
1546.0,b'New Haven',b'South Central Connecticut Planning Region',b'09009154600',b'09170154600',b'09009',b'09170'
1548.0,b'New Haven',b'South Central Connecticut Planning Region',b'09009154800',b'09170154800',b'09009',b'09170'
1549.0,b'New Haven',b'South Central Connecticut Planning Region',b'09009154900',b'09170154900',b'09009',b'09170'
1551.0,b'New Haven',b'South Central Connecticut Planning Region',b'09009155100',b'09170155100',b'09009',b'09170'
1507.0,b'New Haven',b'South Central Connecticut Planning Region',b'09009150700',b'09170150700',b'09009',b'09170'
1573.0,b'New Haven',b'South Central Connecticut Planning Region',b'09009157300',b'09170157300',b'09009',b'09170'
1611.0,b'New Haven',b'South Central Connecticut Planning Region',b'09009161100',b'09170161100',b'09009',b'09170'
1651.0,b'New Haven',b'South Central Connecticut Planning Region',b'09009165100',b'09170165100',b'09009',b'09170'
1572.0,b'New Haven',b'South Central Connecticut Planning Region',b'09009157200',b'09170157200',b'09009',b'09170'
8007.0,b'Windham',b'Southeastern Connecticut Planning Region',b'09015800700',b'09180800700',b'09015',b'09180'
8150.0,b'Windham',b'Northeastern Connecticut Planning Region',b'09015815000',b'09150815000',b'09015',b'09150'
104.0,b'Fairfield',b'Western Connecticut Planning Region',b'09001010400',b'09190010400',b'09001',b'09190'
5281.0,b'Tolland',b'Capitol Planning Region',b'09013528100',b'09110528100',b'09013',b'09110'
504.0,b'Fairfield',b'Western Connecticut Planning Region',b'09001050400',b'09190050400',b'09001',b'09190'
607.0,b'Fairfield',b'Greater Bridgeport Planning Region',b'09001060700',b'09120060700',b'09001',b'09120'
608.0,b'Fairfield',b'Greater Bridgeport Planning Region',b'09001060800',b'09120060800',b'09001',b'09120'
609.0,b'Fairfield',b'Greater Bridgeport Planning Region',b'09001060900',b'09120060900',b'09001',b'09120'
2113.0,b'Fairfield',b'Western Connecticut Planning Region',b'09001211300',b'09190211300',b'09001',b'09190'
202.0,b'Fairfield',b'Western Connecticut Planning Region',b'09001020200',b'09190020200',b'09001',b'09190'
207.0,b'Fairfield',b'Western Connecticut Planning Region',b'09001020700',b'09190020700',b'09001',b'09190'
451.01,b'Fairfield',b'Western Connecticut Planning Region',b'09001045101',b'09190045101',b'09001',b'09190'
506.0,b'Fairfield',b'Western Connecticut Planning Region',b'09001050600',b'09190050600',b'09001',b'09190'
606.0,b'Fairfield',b'Greater Bridgeport Planning Region',b'09001060600',b'09120060600',b'09001',b'09120'
729.0,b'Fairfield',b'Greater Bridgeport Planning Region',b'09001072900',b'09120072900',b'09001',b'09120'
2111.0,b'Fairfield',b'Western Connecticut Planning Region',b'09001211100',b'09190211100',b'09001',b'09190'
740.0,b'Fairfield',b'Greater Bridgeport Planning Region',b'09001074000',b'09120074000',b'09001',b'09120'
1103.01,b'Fairfield',b'Naugatuck Valley Planning Region',b'09001110301',b'09140110301',b'09001',b'09140'
2114.0,b'Fairfield',b'Western Connecticut Planning Region',b'09001211400',b'09190211400',b'09001',b'09190'
2201.0,b'Fairfield',b'Western Connecticut Planning Region',b'09001220100',b'09190220100',b'09001',b'09190'
2203.0,b'Fairfield',b'Western Connecticut Planning Region',b'09001220300',b'09190220300',b'09001',b'09190'
2453.0,b'Fairfield',b'Western Connecticut Planning Region',b'09001245300',b'09190245300',b'09001',b'09190'
5801.0,b'Middlesex',b'Lower Connecticut River Valley Planning R',b'09007580100',b'09130580100',b'09007',b'09130'
8200.0,b'Windham',b'Northeastern Connecticut Planning Region',b'09015820000',b'09150820000',b'09015',b'09150'
8250.0,b'Windham',b'Northeastern Connecticut Planning Region',b'09015825000',b'09150825000',b'09015',b'09150'
9061.0,b'Windham',b'Northeastern Connecticut Planning Region',b'09015906100',b'09150906100',b'09015',b'09150'
9073.0,b'Windham',b'Northeastern Connecticut Planning Region',b'09015907300',b'09150907300',b'09015',b'09150'
9002.0,b'Windham',b'Northeastern Connecticut Planning Region',b'09015900200',b'09150900200',b'09015',b'09150'
9032.0,b'Windham',b'Northeastern Connecticut Planning Region',b'09015903200',b'09150903200',b'09015',b'09150'
219.0,b'Fairfield',b'Western Connecticut Planning Region',b'09001021900',b'09190021900',b'09001',b'09190'
220.0,b'Fairfield',b'Western Connecticut Planning Region',b'09001022000',b'09190022000',b'09001',b'09190'
9081.0,b'Windham',b'Northeastern Connecticut Planning Region',b'09015908100',b'09150908100',b'09015',b'09150'
612.0,b'Fairfield',b'Greater Bridgeport Planning Region',b'09001061200',b'09120061200',b'09001',b'09120'
615.0,b'Fairfield',b'Greater Bridgeport Planning Region',b'09001061500',b'09120061500',b'09001',b'09120'
616.0,b'Fairfield',b'Greater Bridgeport Planning Region',b'09001061600',b'09120061600',b'09001',b'09120'
701.0,b'Fairfield',b'Greater Bridgeport Planning Region',b'09001070100',b'09120070100',b'09001',b'09120'
5302.0,b'Tolland',b'Capitol Planning Region',b'09013530200',b'09110530200',b'09013',b'09110'
9044.0,b'Windham',b'Northeastern Connecticut Planning Region',b'09015904400',b'09150904400',b'09015',b'09150'
8501.0,b'Tolland',b'Capitol Planning Region',b'09013850100',b'09110850100',b'09013',b'09110'
224.0,b'Fairfield',b'Western Connecticut Planning Region',b'09001022400',b'09190022400',b'09001',b'09190'
223.0,b'Fairfield',b'Western Connecticut Planning Region',b'09001022300',b'09190022300',b'09001',b'09190'
703.0,b'Fairfield',b'Greater Bridgeport Planning Region',b'09001070300',b'09120070300',b'09001',b'09120'
704.0,b'Fairfield',b'Greater Bridgeport Planning Region',b'09001070400',b'09120070400',b'09001',b'09120'
705.0,b'Fairfield',b'Greater Bridgeport Planning Region',b'09001070500',b'09120070500',b'09001',b'09120'
706.0,b'Fairfield',b'Greater Bridgeport Planning Region',b'09001070600',b'09120070600',b'09001',b'09120'
709.0,b'Fairfield',b'Greater Bridgeport Planning Region',b'09001070900',b'09120070900',b'09001',b'09120'
702.0,b'Fairfield',b'Greater Bridgeport Planning Region',b'09001070200',b'09120070200',b'09001',b'09120'
5417.0,b'Middlesex',b'Lower Connecticut River Valley Planning R',b'09007541700',b'09130541700',b'09007',b'09130'
5422.0,b'Middlesex',b'Lower Connecticut River Valley Planning R',b'09007542200',b'09130542200',b'09007',b'09130'
5701.0,b'Middlesex',b'Lower Connecticut River Valley Planning R',b'09007570100',b'09130570100',b'09007',b'09130'
5013.0,b'Hartford',b'Capitol Planning Region',b'09003501300',b'09110501300',b'09003',b'09110'
5015.0,b'Hartford',b'Capitol Planning Region',b'09003501500',b'09110501500',b'09003',b'09110'
6964.01,b'New Londo',b'Southeastern Connecticut Planning Region',b'09011696401',b'09180696401',b'09011',b'09180'
6967.01,b'New Londo',b'Southeastern Connecticut Planning Region',b'09011696701',b'09180696701',b'09011',b'09180'
6601.04,b'New Londo',b'Lower Connecticut River Valley Planning R',b'09011660104',b'09130660104',b'09011',b'09130'
6601.03,b'New Londo',b'Lower Connecticut River Valley Planning R',b'09011660103',b'09130660103',b'09011',b'09130'
1408.0,b'New Haven',b'South Central Connecticut Planning Region',b'09009140800',b'09170140800',b'09009',b'09170'
1410.0,b'New Haven',b'South Central Connecticut Planning Region',b'09009141000',b'09170141000',b'09009',b'09170'
1411.0,b'New Haven',b'South Central Connecticut Planning Region',b'09009141100',b'09170141100',b'09009',b'09170'
4731.0,b'Hartford',b'Capitol Planning Region',b'09003473100',b'09110473100',b'09003',b'09110'
1301.01,b'New Haven',b'Naugatuck Valley Planning Region',b'09009130101',b'09140130101',b'09009',b'09140'
1301.02,b'New Haven',b'Naugatuck Valley Planning Region',b'09009130102',b'09140130102',b'09009',b'09140'
3615.0,b'New Haven',b'South Central Connecticut Planning Region',b'09009361500',b'09170361500',b'09009',b'09170'
5416.0,b'Middlesex',b'Lower Connecticut River Valley Planning R',b'09007541600',b'09130541600',b'09007',b'09130'
4737.0,b'Hartford',b'Capitol Planning Region',b'09003473700',b'09110473700',b'09003',b'09110'
4738.0,b'Hartford',b'Capitol Planning Region',b'09003473800',b'09110473800',b'09003',b'09110'
4762.0,b'Hartford',b'Capitol Planning Region',b'09003476200',b'09110476200',b'09003',b'09110'
4803.0,b'Hartford',b'Capitol Planning Region',b'09003480300',b'09110480300',b'09003',b'09110'
4842.0,b'Hartford',b'Capitol Planning Region',b'09003484200',b'09110484200',b'09003',b'09110'
5009.0,b'Hartford',b'Capitol Planning Region',b'09003500900',b'09110500900',b'09003',b'09110'
4875.0,b'Hartford',b'Capitol Planning Region',b'09003487500',b'09110487500',b'09003',b'09110'
5033.0,b'Hartford',b'Capitol Planning Region',b'09003503300',b'09110503300',b'09003',b'09110'
4661.01,b'Hartford',b'Capitol Planning Region',b'09003466101',b'09110466101',b'09003',b'09110'
4771.01,b'Hartford',b'Capitol Planning Region',b'09003477101',b'09110477101',b'09003',b'09110'
4813.0,b'Hartford',b'Capitol Planning Region',b'09003481300',b'09110481300',b'09003',b'09110'
4736.01,b'Hartford',b'Capitol Planning Region',b'09003473601',b'09110473601',b'09003',b'09110'
4804.0,b'Hartford',b'Capitol Planning Region',b'09003480400',b'09110480400',b'09003',b'09110'
4805.0,b'Hartford',b'Capitol Planning Region',b'09003480500',b'09110480500',b'09003',b'09110'
4806.0,b'Hartford',b'Capitol Planning Region',b'09003480600',b'09110480600',b'09003',b'09110'
4807.0,b'Hartford',b'Capitol Planning Region',b'09003480700',b'09110480700',b'09003',b'09110'
4809.0,b'Hartford',b'Capitol Planning Region',b'09003480900',b'09110480900',b'09003',b'09110'
5105.0,b'Hartford',b'Capitol Planning Region',b'09003510500',b'09110510500',b'09003',b'09110'
5110.0,b'Hartford',b'Capitol Planning Region',b'09003511000',b'09110511000',b'09003',b'09110'
5111.0,b'Hartford',b'Capitol Planning Region',b'09003511100',b'09110511100',b'09003',b'09110'
5112.0,b'Hartford',b'Capitol Planning Region',b'09003511200',b'09110511200',b'09003',b'09110'
5114.0,b'Hartford',b'Capitol Planning Region',b'09003511400',b'09110511400',b'09003',b'09110'
4812.0,b'Hartford',b'Capitol Planning Region',b'09003481200',b'09110481200',b'09003',b'09110'
4946.0,b'Hartford',b'Capitol Planning Region',b'09003494600',b'09110494600',b'09003',b'09110'
4961.0,b'Hartford',b'Capitol Planning Region',b'09003496100',b'09110496100',b'09003',b'09110'
4962.0,b'Hartford',b'Capitol Planning Region',b'09003496200',b'09110496200',b'09003',b'09110'
4963.0,b'Hartford',b'Capitol Planning Region',b'09003496300',b'09110496300',b'09003',b'09110'
4302.03,b'Hartford',b'Capitol Planning Region',b'09003430203',b'09110430203',b'09003',b'09110'
4772.0,b'Hartford',b'Capitol Planning Region',b'09003477200',b'09110477200',b'09003',b'09110'
4622.01,b'Hartford',b'Capitol Planning Region',b'09003462201',b'09110462201',b'09003',b'09110'
4641.02,b'Hartford',b'Capitol Planning Region',b'09003464102',b'09110464102',b'09003',b'09110'
5201.0,b'Hartford',b'Capitol Planning Region',b'09003520100',b'09110520100',b'09003',b'09110'
5202.02,b'Hartford',b'Capitol Planning Region',b'09003520202',b'09110520202',b'09003',b'09110'
5017.0,b'Hartford',b'Capitol Planning Region',b'09003501700',b'09110501700',b'09003',b'09110'
4662.02,b'Hartford',b'Capitol Planning Region',b'09003466202',b'09110466202',b'09003',b'09110'
4154.0,b'Hartford',b'Capitol Planning Region',b'09003415400',b'09110415400',b'09003',b'09110'
4165.0,b'Hartford',b'Capitol Planning Region',b'09003416500',b'09110416500',b'09003',b'09110'
4621.02,b'Hartford',b'Capitol Planning Region',b'09003462102',b'09110462102',b'09003',b'09110'
4055.0,b'Hartford',b'Naugatuck Valley Planning Region',b'09003405500',b'09140405500',b'09003',b'09140'
4641.01,b'Hartford',b'Capitol Planning Region',b'09003464101',b'09110464101',b'09003',b'09110'
4735.02,b'Hartford',b'Capitol Planning Region',b'09003473502',b'09110473502',b'09003',b'09110'
5001.0,b'Hartford',b'Capitol Planning Region',b'09003500100',b'09110500100',b'09003',b'09110'
5018.0,b'Hartford',b'Capitol Planning Region',b'09003501800',b'09110501800',b'09003',b'09110'
5106.0,b'Hartford',b'Capitol Planning Region',b'09003510600',b'09110510600',b'09003',b'09110'
5151.02,b'Hartford',b'Capitol Planning Region',b'09003515102',b'09110515102',b'09003',b'09110'
3301.0,b'Hartford',b'Northwest Hills Planning Region',b'09003330100',b'09160330100',b'09003',b'09160'
4002.0,b'Hartford',b'Capitol Planning Region',b'09003400200',b'09110400200',b'09003',b'09110'
4971.0,b'Hartford',b'Capitol Planning Region',b'09003497100',b'09110497100',b'09003',b'09110'
4051.0,b'Hartford',b'Naugatuck Valley Planning Region',b'09003405100',b'09140405100',b'09003',b'09140'
4053.0,b'Hartford',b'Naugatuck Valley Planning Region',b'09003405300',b'09140405300',b'09003',b'09140'
4061.0,b'Hartford',b'Naugatuck Valley Planning Region',b'09003406100',b'09140406100',b'09003',b'09140'
4964.0,b'Hartford',b'Capitol Planning Region',b'09003496400',b'09110496400',b'09003',b'09110'
4965.0,b'Hartford',b'Capitol Planning Region',b'09003496500',b'09110496500',b'09003',b'09110'
4966.0,b'Hartford',b'Capitol Planning Region',b'09003496600',b'09110496600',b'09003',b'09110'
4967.0,b'Hartford',b'Capitol Planning Region',b'09003496700',b'09110496700',b'09003',b'09110'
4681.01,b'Hartford',b'Capitol Planning Region',b'09003468101',b'09110468101',b'09003',b'09110'
4661.02,b'Hartford',b'Capitol Planning Region',b'09003466102',b'09110466102',b'09003',b'09110'
4874.0,b'Hartford',b'Capitol Planning Region',b'09003487400',b'09110487400',b'09003',b'09110'
4713.0,b'Hartford',b'Capitol Planning Region',b'09003471300',b'09110471300',b'09003',b'09110'
4603.02,b'Hartford',b'Capitol Planning Region',b'09003460302',b'09110460302',b'09003',b'09110'
4302.02,b'Hartford',b'Capitol Planning Region',b'09003430202',b'09110430202',b'09003',b'09110'
4304.0,b'Hartford',b'Capitol Planning Region',b'09003430400',b'09110430400',b'09003',b'09110'
4621.01,b'Hartford',b'Capitol Planning Region',b'09003462101',b'09110462101',b'09003',b'09110'
4701.0,b'Hartford',b'Capitol Planning Region',b'09003470100',b'09110470100',b'09003',b'09110'
4841.0,b'Hartford',b'Capitol Planning Region',b'09003484100',b'09110484100',b'09003',b'09110'
5205.01,b'Hartford',b'Capitol Planning Region',b'09003520501',b'09110520501',b'09003',b'09110'
4681.02,b'Hartford',b'Capitol Planning Region',b'09003468102',b'09110468102',b'09003',b'09110'
4663.0,b'Hartford',b'Capitol Planning Region',b'09003466300',b'09110466300',b'09003',b'09110'
4810.0,b'Hartford',b'Capitol Planning Region',b'09003481000',b'09110481000',b'09003',b'09110'
4811.0,b'Hartford',b'Capitol Planning Region',b'09003481100',b'09110481100',b'09003',b'09110'
4602.02,b'Hartford',b'Capitol Planning Region',b'09003460202',b'09110460202',b'09003',b'09110'
5014.0,b'Hartford',b'Capitol Planning Region',b'09003501400',b'09110501400',b'09003',b'09110'
4735.01,b'Hartford',b'Capitol Planning Region',b'09003473501',b'09110473501',b'09003',b'09110'
4761.0,b'Hartford',b'Capitol Planning Region',b'09003476100',b'09110476100',b'09003',b'09110'
4207.0,b'Hartford',b'Capitol Planning Region',b'09003420700',b'09110420700',b'09003',b'09110'
4303.01,b'Hartford',b'Capitol Planning Region',b'09003430301',b'09110430301',b'09003',b'09110'
4714.0,b'Hartford',b'Capitol Planning Region',b'09003471400',b'09110471400',b'09003',b'09110'
4059.0,b'Hartford',b'Naugatuck Valley Planning Region',b'09003405900',b'09140405900',b'09003',b'09140'
4763.0,b'Hartford',b'Capitol Planning Region',b'09003476300',b'09110476300',b'09003',b'09110'
4060.01,b'Hartford',b'Naugatuck Valley Planning Region',b'09003406001',b'09140406001',b'09003',b'09140'
4968.0,b'Hartford',b'Capitol Planning Region',b'09003496800',b'09110496800',b'09003',b'09110'
4969.0,b'Hartford',b'Capitol Planning Region',b'09003496900',b'09110496900',b'09003',b'09110'
4970.0,b'Hartford',b'Capitol Planning Region',b'09003497000',b'09110497000',b'09003',b'09110'
4972.0,b'Hartford',b'Capitol Planning Region',b'09003497200',b'09110497200',b'09003',b'09110'
5021.0,b'Hartford',b'Capitol Planning Region',b'09003502100',b'09110502100',b'09003',b'09110'
2051.0,b'Fairfield',b'Western Connecticut Planning Region',b'09001205100',b'09190205100',b'09001',b'09190'
2109.0,b'Fairfield',b'Western Connecticut Planning Region',b'09001210900',b'09190210900',b'09001',b'09190'
425.0,b'Fairfield',b'Western Connecticut Planning Region',b'09001042500',b'09190042500',b'09001',b'09190'
1051.0,b'Fairfield',b'Greater Bridgeport Planning Region',b'09001105100',b'09120105100',b'09001',b'09120'
604.0,b'Fairfield',b'Greater Bridgeport Planning Region',b'09001060400',b'09120060400',b'09001',b'09120'
505.0,b'Fairfield',b'Western Connecticut Planning Region',b'09001050500',b'09190050500',b'09001',b'09190'
101.02,b'Fairfield',b'Western Connecticut Planning Region',b'09001010102',b'09190010102',b'09001',b'09190'
602.0,b'Fairfield',b'Greater Bridgeport Planning Region',b'09001060200',b'09120060200',b'09001',b'09120'
2402.0,b'Fairfield',b'Western Connecticut Planning Region',b'09001240200',b'09190240200',b'09001',b'09190'
2053.0,b'Fairfield',b'Western Connecticut Planning Region',b'09001205300',b'09190205300',b'09001',b'09190'
810.0,b'Fairfield',b'Greater Bridgeport Planning Region',b'09001081000',b'09120081000',b'09001',b'09120'
2202.0,b'Fairfield',b'Western Connecticut Planning Region',b'09001220200',b'09190220200',b'09001',b'09190'
2304.0,b'Fairfield',b'Western Connecticut Planning Region',b'09001230400',b'09190230400',b'09001',b'09190'
2454.0,b'Fairfield',b'Western Connecticut Planning Region',b'09001245400',b'09190245400',b'09001',b'09190'
1002.0,b'Fairfield',b'Greater Bridgeport Planning Region',b'09001100200',b'09120100200',b'09001',b'09120'
901.0,b'Fairfield',b'Greater Bridgeport Planning Region',b'09001090100',b'09120090100',b'09001',b'09120'
552.0,b'Fairfield',b'Western Connecticut Planning Region',b'09001055200',b'09190055200',b'09001',b'09190'
454.0,b'Fairfield',b'Western Connecticut Planning Region',b'09001045400',b'09190045400',b'09001',b'09190'
354.0,b'Fairfield',b'Western Connecticut Planning Region',b'09001035400',b'09190035400',b'09001',b'09190'
428.0,b'Fairfield',b'Western Connecticut Planning Region',b'09001042800',b'09190042800',b'09001',b'09190'
2456.0,b'Fairfield',b'Western Connecticut Planning Region',b'09001245600',b'09190245600',b'09001',b'09190'
204.0,b'Fairfield',b'Western Connecticut Planning Region',b'09001020400',b'09190020400',b'09001',b'09190'
906.0,b'Fairfield',b'Greater Bridgeport Planning Region',b'09001090600',b'09120090600',b'09001',b'09120'
113.0,b'Fairfield',b'Western Connecticut Planning Region',b'09001011300',b'09190011300',b'09001',b'09190'
2303.0,b'Fairfield',b'Western Connecticut Planning Region',b'09001230300',b'09190230300',b'09001',b'09190'
210.0,b'Fairfield',b'Western Connecticut Planning Region',b'09001021000',b'09190021000',b'09001',b'09190'
305.0,b'Fairfield',b'Western Connecticut Planning Region',b'09001030500',b'09190030500',b'09001',b'09190'
739.0,b'Fairfield',b'Greater Bridgeport Planning Region',b'09001073900',b'09120073900',b'09001',b'09120'
813.0,b'Fairfield',b'Greater Bridgeport Planning Region',b'09001081300',b'09120081300',b'09001',b'09120'
108.0,b'Fairfield',b'Western Connecticut Planning Region',b'09001010800',b'09190010800',b'09001',b'09190'
205.0,b'Fairfield',b'Western Connecticut Planning Region',b'09001020500',b'09190020500',b'09001',b'09190'
208.0,b'Fairfield',b'Western Connecticut Planning Region',b'09001020800',b'09190020800',b'09001',b'09190'
433.0,b'Fairfield',b'Western Connecticut Planning Region',b'09001043300',b'09190043300',b'09001',b'09190'
804.0,b'Fairfield',b'Greater Bridgeport Planning Region',b'09001080400',b'09120080400',b'09001',b'09120'
1103.02,b'Fairfield',b'Naugatuck Valley Planning Region',b'09001110302',b'09140110302',b'09001',b'09140'
302.0,b'Fairfield',b'Western Connecticut Planning Region',b'09001030200',b'09190030200',b'09001',b'09190'
451.02,b'Fairfield',b'Western Connecticut Planning Region',b'09001045102',b'09190045102',b'09001',b'09190'
109.0,b'Fairfield',b'Western Connecticut Planning Region',b'09001010900',b'09190010900',b'09001',b'09190'
110.0,b'Fairfield',b'Western Connecticut Planning Region',b'09001011000',b'09190011000',b'09001',b'09190'
1001.0,b'Fairfield',b'Greater Bridgeport Planning Region',b'09001100100',b'09120100100',b'09001',b'09120'
2052.0,b'Fairfield',b'Western Connecticut Planning Region',b'09001205200',b'09190205200',b'09001',b'09190'
2301.0,b'Fairfield',b'Western Connecticut Planning Region',b'09001230100',b'09190230100',b'09001',b'09190'
2571.0,b'Fairfield',b'Western Connecticut Planning Region',b'09001257100',b'09190257100',b'09001',b'09190'
2108.0,b'Fairfield',b'Western Connecticut Planning Region',b'09001210800',b'09190210800',b'09001',b'09190'
2106.0,b'Fairfield',b'Western Connecticut Planning Region',b'09001210600',b'09190210600',b'09001',b'09190'
1105.0,b'Fairfield',b'Naugatuck Valley Planning Region',b'09001110500',b'09140110500',b'09001',b'09140'
1104.0,b'Fairfield',b'Naugatuck Valley Planning Region',b'09001110400',b'09140110400',b'09001',b'09140'
431.0,b'Fairfield',b'Western Connecticut Planning Region',b'09001043100',b'09190043100',b'09001',b'09190'
2452.0,b'Fairfield',b'Western Connecticut Planning Region',b'09001245200',b'09190245200',b'09001',b'09190'
1102.02,b'Fairfield',b'Naugatuck Valley Planning Region',b'09001110202',b'09140110202',b'09001',b'09140'
452.0,b'Fairfield',b'Western Connecticut Planning Region',b'09001045200',b'09190045200',b'09001',b'09190'
352.0,b'Fairfield',b'Western Connecticut Planning Region',b'09001035200',b'09190035200',b'09001',b'09190'
601.0,b'Fairfield',b'Greater Bridgeport Planning Region',b'09001060100',b'09120060100',b'09001',b'09120'
209.0,b'Fairfield',b'Western Connecticut Planning Region',b'09001020900',b'09190020900',b'09001',b'09190'
2002.0,b'Fairfield',b'Western Connecticut Planning Region',b'09001200200',b'09190200200',b'09001',b'09190'
551.0,b'Fairfield',b'Western Connecticut Planning Region',b'09001055100',b'09190055100',b'09001',b'09190'
2003.01,b'Fairfield',b'Western Connecticut Planning Region',b'09001200301',b'09190200301',b'09001',b'09190'
731.0,b'Fairfield',b'Greater Bridgeport Planning Region',b'09001073100',b'09120073100',b'09001',b'09120'
2110.0,b'Fairfield',b'Western Connecticut Planning Region',b'09001211000',b'09190211000',b'09001',b'09190'
1052.0,b'Fairfield',b'Greater Bridgeport Planning Region',b'09001105200',b'09120105200',b'09001',b'09120'
603.0,b'Fairfield',b'Greater Bridgeport Planning Region',b'09001060300',b'09120060300',b'09001',b'09120'
905.0,b'Fairfield',b'Greater Bridgeport Planning Region',b'09001090500',b'09120090500',b'09001',b'09120'
1102.01,b'Fairfield',b'Naugatuck Valley Planning Region',b'09001110201',b'09140110201',b'09001',b'09140'
301.0,b'Fairfield',b'Western Connecticut Planning Region',b'09001030100',b'09190030100',b'09001',b'09190'
902.0,b'Fairfield',b'Greater Bridgeport Planning Region',b'09001090200',b'09120090200',b'09001',b'09120'
103.0,b'Fairfield',b'Western Connecticut Planning Region',b'09001010300',b'09190010300',b'09001',b'09190'
502.0,b'Fairfield',b'Western Connecticut Planning Region',b'09001050200',b'09190050200',b'09001',b'09190'
811.0,b'Fairfield',b'Greater Bridgeport Planning Region',b'09001081100',b'09120081100',b'09001',b'09120'
427.0,b'Fairfield',b'Western Connecticut Planning Region',b'09001042700',b'09190042700',b'09001',b'09190'
2401.0,b'Fairfield',b'Western Connecticut Planning Region',b'09001240100',b'09190240100',b'09001',b'09190'
432.0,b'Fairfield',b'Western Connecticut Planning Region',b'09001043200',b'09190043200',b'09001',b'09190'
904.0,b'Fairfield',b'Greater Bridgeport Planning Region',b'09001090400',b'09120090400',b'09001',b'09120'
812.0,b'Fairfield',b'Greater Bridgeport Planning Region',b'09001081200',b'09120081200',b'09001',b'09120'
212.0,b'Fairfield',b'Western Connecticut Planning Region',b'09001021200',b'09190021200',b'09001',b'09190'
2302.0,b'Fairfield',b'Western Connecticut Planning Region',b'09001230200',b'09190230200',b'09001',b'09190'
102.01,b'Fairfield',b'Western Connecticut Planning Region',b'09001010201',b'09190010201',b'09001',b'09190'
102.02,b'Fairfield',b'Western Connecticut Planning Region',b'09001010202',b'09190010202',b'09001',b'09190'
2001.0,b'Fairfield',b'Western Connecticut Planning Region',b'09001200100',b'09190200100',b'09001',b'09190'
2451.0,b'Fairfield',b'Western Connecticut Planning Region',b'09001245100',b'09190245100',b'09001',b'09190'
2455.0,b'Fairfield',b'Western Connecticut Planning Region',b'09001245500',b'09190245500',b'09001',b'09190'
111.0,b'Fairfield',b'Western Connecticut Planning Region',b'09001011100',b'09190011100',b'09001',b'09190'
105.0,b'Fairfield',b'Western Connecticut Planning Region',b'09001010500',b'09190010500',b'09001',b'09190'
107.0,b'Fairfield',b'Western Connecticut Planning Region',b'09001010700',b'09190010700',b'09001',b'09190'
106.0,b'Fairfield',b'Western Connecticut Planning Region',b'09001010600',b'09190010600',b'09001',b'09190'
112.0,b'Fairfield',b'Western Connecticut Planning Region',b'09001011200',b'09190011200',b'09001',b'09190'
1501.0,b'New Haven',b'South Central Connecticut Planning Region',b'09009150100',b'09170150100',b'09009',b'09170'
5142.0,b'Hartford',b'Capitol Planning Region',b'09003514200',b'09110514200',b'09003',b'09110'
5143.0,b'Hartford',b'Capitol Planning Region',b'09003514300',b'09110514300',b'09003',b'09110'
1502.0,b'New Haven',b'South Central Connecticut Planning Region',b'09009150200',b'09170150200',b'09009',b'09170'
1756.0,b'New Haven',b'South Central Connecticut Planning Region',b'09009175600',b'09170175600',b'09009',b'09170'
1757.0,b'New Haven',b'South Central Connecticut Planning Region',b'09009175700',b'09170175700',b'09009',b'09170'
1759.0,b'New Haven',b'South Central Connecticut Planning Region',b'09009175900',b'09170175900',b'09009',b'09170'
1803.0,b'New Haven',b'South Central Connecticut Planning Region',b'09009180300',b'09170180300',b'09009',b'09170'
1804.0,b'New Haven',b'South Central Connecticut Planning Region',b'09009180400',b'09170180400',b'09009',b'09170'
1805.0,b'New Haven',b'South Central Connecticut Planning Region',b'09009180500',b'09170180500',b'09009',b'09170'
1806.01,b'New Haven',b'South Central Connecticut Planning Region',b'09009180601',b'09170180601',b'09009',b'09170'
1802.0,b'New Haven',b'South Central Connecticut Planning Region',b'09009180200',b'09170180200',b'09009',b'09170'
1806.02,b'New Haven',b'South Central Connecticut Planning Region',b'09009180602',b'09170180602',b'09009',b'09170'
1844.0,b'New Haven',b'South Central Connecticut Planning Region',b'09009184400',b'09170184400',b'09009',b'09170'
1845.0,b'New Haven',b'South Central Connecticut Planning Region',b'09009184500',b'09170184500',b'09009',b'09170'
1846.0,b'New Haven',b'South Central Connecticut Planning Region',b'09009184600',b'09170184600',b'09009',b'09170'
1847.0,b'New Haven',b'South Central Connecticut Planning Region',b'09009184700',b'09170184700',b'09009',b'09170'
3502.0,b'New Haven',b'Naugatuck Valley Planning Region',b'09009350200',b'09140350200',b'09009',b'09140'
3503.0,b'New Haven',b'Naugatuck Valley Planning Region',b'09009350300',b'09140350300',b'09009',b'09140'
1702.0,b'New Haven',b'South Central Connecticut Planning Region',b'09009170200',b'09170170200',b'09009',b'09170'
1703.0,b'New Haven',b'South Central Connecticut Planning Region',b'09009170300',b'09170170300',b'09009',b'09170'
1704.0,b'New Haven',b'South Central Connecticut Planning Region',b'09009170400',b'09170170400',b'09009',b'09170'
430.0,b'Fairfield',b'Western Connecticut Planning Region',b'09001043000',b'09190043000',b'09001',b'09190'
1659.0,b'New Haven',b'South Central Connecticut Planning Region',b'09009165900',b'09170165900',b'09009',b'09170'
304.0,b'Fairfield',b'Western Connecticut Planning Region',b'09001030400',b'09190030400',b'09001',b'09190'
1508.0,b'New Haven',b'South Central Connecticut Planning Region',b'09009150800',b'09170150800',b'09009',b'09170'
1653.0,b'New Haven',b'South Central Connecticut Planning Region',b'09009165300',b'09170165300',b'09009',b'09170'
1654.0,b'New Haven',b'South Central Connecticut Planning Region',b'09009165400',b'09170165400',b'09009',b'09170'
2681.0,b'Litchfiel',b'Northwest Hills Planning Region',b'09005268100',b'09160268100',b'09005',b'09160'
2901.0,b'Litchfiel',b'Northwest Hills Planning Region',b'09005290100',b'09160290100',b'09005',b'09160'
2931.0,b'Litchfiel',b'Northwest Hills Planning Region',b'09005293100',b'09160293100',b'09005',b'09160'
3031.0,b'Litchfiel',b'Northwest Hills Planning Region',b'09005303100',b'09160303100',b'09005',b'09160'
614.0,b'Fairfield',b'Greater Bridgeport Planning Region',b'09001061400',b'09120061400',b'09001',b'09120'
3101.0,b'Litchfiel',b'Northwest Hills Planning Region',b'09005310100',b'09160310100',b'09005',b'09160'
3102.0,b'Litchfiel',b'Northwest Hills Planning Region',b'09005310200',b'09160310200',b'09005',b'09160'
3104.0,b'Litchfiel',b'Northwest Hills Planning Region',b'09005310400',b'09160310400',b'09005',b'09160'
3105.0,b'Litchfiel',b'Northwest Hills Planning Region',b'09005310500',b'09160310500',b'09005',b'09160'
721.0,b'Fairfield',b'Greater Bridgeport Planning Region',b'09001072100',b'09120072100',b'09001',b'09120'
1414.0,b'New Haven',b'South Central Connecticut Planning Region',b'09009141400',b'09170141400',b'09009',b'09170'
4873.0,b'Hartford',b'Capitol Planning Region',b'09003487300',b'09110487300',b'09003',b'09110'
6001.0,b'Middlesex',b'Lower Connecticut River Valley Planning R',b'09007600100',b'09130600100',b'09007',b'09130'
6102.0,b'Middlesex',b'Lower Connecticut River Valley Planning R',b'09007610200',b'09130610200',b'09007',b'09130'
5501.0,b'Middlesex',b'Lower Connecticut River Valley Planning R',b'09007550100',b'09130550100',b'09007',b'09130'
1251.0,b'New Haven',b'Naugatuck Valley Planning Region',b'09009125100',b'09140125100',b'09009',b'09140'
1422.0,b'New Haven',b'South Central Connecticut Planning Region',b'09009142200',b'09170142200',b'09009',b'09170'
1423.0,b'New Haven',b'South Central Connecticut Planning Region',b'09009142300',b'09170142300',b'09009',b'09170'
1424.0,b'New Haven',b'South Central Connecticut Planning Region',b'09009142400',b'09170142400',b'09009',b'09170'
1425.0,b'New Haven',b'South Central Connecticut Planning Region',b'09009142500',b'09170142500',b'09009',b'09170'
1426.01,b'New Haven',b'South Central Connecticut Planning Region',b'09009142601',b'09170142601',b'09009',b'09170'
5037.0,b'Hartford',b'Capitol Planning Region',b'09003503700',b'09110503700',b'09003',b'09110'
5038.0,b'Hartford',b'Capitol Planning Region',b'09003503800',b'09110503800',b'09003',b'09110'
5039.0,b'Hartford',b'Capitol Planning Region',b'09003503900',b'09110503900',b'09003',b'09110'
5040.0,b'Hartford',b'Capitol Planning Region',b'09003504000',b'09110504000',b'09003',b'09110'
5035.0,b'Hartford',b'Capitol Planning Region',b'09003503500',b'09110503500',b'09003',b'09110'
8901.0,b'Tolland',b'Capitol Planning Region',b'09013890100',b'09110890100',b'09013',b'09110'
5382.01,b'Tolland',b'Capitol Planning Region',b'09013538201',b'09110538201',b'09013',b'09110'
5331.02,b'Tolland',b'Capitol Planning Region',b'09013533102',b'09110533102',b'09013',b'09110'
8902.04,b'Tolland',b'Capitol Planning Region',b'09013890204',b'09110890204',b'09013',b'09110'
8902.03,b'Tolland',b'Northeastern Connecticut Planning Region',b'09013890203',b'09150890203',b'09013',b'09150'
5042.0,b'Hartford',b'Capitol Planning Region',b'09003504200',b'09110504200',b'09003',b'09110'
5043.0,b'Hartford',b'Capitol Planning Region',b'09003504300',b'09110504300',b'09003',b'09110'
5045.0,b'Hartford',b'Capitol Planning Region',b'09003504500',b'09110504500',b'09003',b'09110'
5041.0,b'Hartford',b'Capitol Planning Region',b'09003504100',b'09110504100',b'09003',b'09110'
5049.0,b'Hartford',b'Capitol Planning Region',b'09003504900',b'09110504900',b'09003',b'09110'
4003.0,b'Hartford',b'Capitol Planning Region',b'09003400300',b'09110400300',b'09003',b'09110'
5101.0,b'Hartford',b'Capitol Planning Region',b'09003510100',b'09110510100',b'09003',b'09110'
4057.0,b'Hartford',b'Naugatuck Valley Planning Region',b'09003405700',b'09140405700',b'09003',b'09140'
5352.0,b'Tolland',b'Capitol Planning Region',b'09013535200',b'09110535200',b'09013',b'09110'
8812.0,b'Tolland',b'Capitol Planning Region',b'09013881200',b'09110881200',b'09013',b'09110'
5306.0,b'Tolland',b'Capitol Planning Region',b'09013530600',b'09110530600',b'09013',b'09110'
8813.0,b'Tolland',b'Capitol Planning Region',b'09013881300',b'09110881300',b'09013',b'09110'
5381.0,b'Tolland',b'Capitol Planning Region',b'09013538100',b'09110538100',b'09013',b'09110'
8601.0,b'Tolland',b'Capitol Planning Region',b'09013860100',b'09110860100',b'09013',b'09110'
5382.02,b'Tolland',b'Capitol Planning Region',b'09013538202',b'09110538202',b'09013',b'09110'
8401.0,b'Tolland',b'Capitol Planning Region',b'09013840100',b'09110840100',b'09013',b'09110'
5028.0,b'Hartford',b'Capitol Planning Region',b'09003502800',b'09110502800',b'09003',b'09110'
5029.0,b'Hartford',b'Capitol Planning Region',b'09003502900',b'09110502900',b'09003',b'09110'
5025.0,b'Hartford',b'Capitol Planning Region',b'09003502500',b'09110502500',b'09003',b'09110'
5030.0,b'Hartford',b'Capitol Planning Region',b'09003503000',b'09110503000',b'09003',b'09110'
5026.0,b'Hartford',b'Capitol Planning Region',b'09003502600',b'09110502600',b'09003',b'09110'
4973.0,b'Hartford',b'Capitol Planning Region',b'09003497300',b'09110497300',b'09003',b'09110'
4974.0,b'Hartford',b'Capitol Planning Region',b'09003497400',b'09110497400',b'09003',b'09110'
4975.0,b'Hartford',b'Capitol Planning Region',b'09003497500',b'09110497500',b'09003',b'09110'
4976.0,b'Hartford',b'Capitol Planning Region',b'09003497600',b'09110497600',b'09003',b'09110'
